No.,date,contact,No Telfon,Resolve / Follow Up,Status Leads,assigned_to,answered_at,First Respon,agent_first_reply_time,Source,Iklan by,Remaks FU 1,SOP Sales,Notes
1,"30-Sep-26, 16:42",sapira,85892017280,First Contact,Cold,Yulia Eunike,"30-Sep-26, 16:43",0:01:36,0:01:36,Instagram,SOHO Signature,"Minat SOHO, dikirim e-brosur, ditanya luasan yang dibutuhkan, belum ada respon cust",❌,
2,"30-Sep-26, 14:41",Winarto,8129777769,First Contact,Cold,Ira Rosdiana,"30-Sep-26, 14:41",0:00:31,0:00:31,Instagram,SOHO Signature,"Minat SOHO, ditanya hunian/office, belum ada respon cust",❌,
3,"30-Sep-26, 14:03",A,85166235564,Strangers,Junk,Ditto Zulfikar Junaedi,"30-Sep-26, 14:08",0:04:54,0:04:54,Not Detected,Not Detected,"Indikasi penipuan/scam - minta kirim QRIS, bukan calon pembeli genuine",,
4,"30-Sep-26, 8:59",Lusi A,85781833607,Jualan product,Junk,Kadek Bayu Permana Putra,"30-Sep-26, 9:00",0:02:12,0:05:28,Not Detected,Not Detected,"Vendor/broker lain ('Rumah kita properti'), bukan calon pembeli",,
5,"30-Sep-26, 8:36",vivian S Sos,85773206861,First Contact,Cold,Yulia Eunike,"30-Sep-26, 8:37",0:00:00,0:03:00,Instagram,SOHO Signature,"Dikirim e-brosur PDF, belum ada respon cust",❌,
6,"30-Sep-26, 7:27",ceo tambang🚀,89673931342,First Contact,Cold,Kadek Bayu Permana Putra,"30-Sep-26, 7:27",0:18:11,0:21:07,Instagram,Apart Kampus,"Ditanya kebutuhan berapa BR, belum ada respon cust",❌,
7,"30-Sep-26, 6:52",Harapenta,85288006906,First Contact,Cold,Kadek Bayu Permana Putra,"30-Sep-26, 6:52",1:16:49,1:19:45,Instagram,SOHO Signature,"Minat SOHO, sales FU sapa nama, belum ada respon cust",❌,
8,"30-Sep-26, 6:41",Shin,81375307093,First Contact,Cold,Kadek Bayu Permana Putra,"30-Sep-26, 6:42",3:29:04,3:31:46,Instagram,Apart Kampus,"Minat info, sales FU sapa nama, belum ada respon cust",❌,
9,"29-Sep-26, 20:06",diimoet,85814297794,First Contact,Cold,Fitriyani Dewi,"29-Sep-26, 20:06",0:00:00,0:00:18,Instagram,Apart Kampus,"Dikirim video, belum ada respon cust",❌,
10,"29-Sep-26, 19:08",Felicia___,-,First Contact,Cold,Ditto Zulfikar Junaedi,"29-Sep-26, 19:08",0:02:20,0:04:37,Instagram,DM Instagram,"Ditanya kantor atau apartemen, belum ada respon cust",❌,
11,"29-Sep-26, 18:50",Ca,82325900137,First Contact,Cold,Kadek Bayu Permana Putra,"29-Sep-26, 18:51",0:00:00,0:02:47,Instagram,Loft Living View,"Minat Loft Living, dikirim video, belum ada respon cust",❌,
12,"29-Sep-26, 15:04",manusia,88983460289,First Contact,Cold,Ditto Zulfikar Junaedi,"29-Sep-26, 15:04",0:00:00,0:00:10,Instagram,SOHO Signature,"Ditanya kantor atau apartemen, belum ada respon cust",❌,
13,"29-Sep-26, 14:37",elsa,81263598891,First Contact,Cold,Yulia Eunike,"29-Sep-26, 14:37",0:00:00,0:01:07,Not Detected,Not Detected,"Ditanya kebutuhan tipe unit (Apartment/Loft/SOHO), belum ada respon cust",❌,
14,"29-Sep-26, 12:28",Orio,81324691973,Follow Up,Warm,Ira Rosdiana,"29-Sep-26, 12:28",0:00:26,0:00:26,Google,Website,"Tanya furnish (kitchen set & AC), hitungan KPA, subsidi DP 5%, diskusi bank",✅,
15,"29-Sep-26, 11:39",Tassa Alexandra,82285000222,First Contact,Cold,Kadek Bayu Permana Putra,"29-Sep-26, 11:40",0:01:13,0:01:13,Instagram,Loft Living View,"Dikirim pricelist detail Loft Living (1BR 2,68M; 2BR 3,93M; 3BR 4,72-5,93M), belum ada respon",❌,
16,"29-Sep-26, 11:16",Sidiva,87787070386,Cari Sewa,Junk,Fitriyani Dewi,"29-Sep-26, 11:16",0:00:28,0:00:28,Not Detected,Not Detected,Diarahkan ke IG @lifeatupperwest utk sewa,,
17,"29-Sep-26, 10:57",!,85150770475,Follow Up,Warm,Ditto Zulfikar Junaedi,"29-Sep-26, 11:02",0:02:09,0:03:05,Google,Website,"Kerja long-term di BSD cari tempat tinggal, harga AP-B 72sqm 2,3M, diundang lihat show unit",✅,
18,"29-Sep-26, 9:54",Jeannie Flo T,81398012824,First Contact,Cold,Kadek Bayu Permana Putra,"29-Sep-26, 9:54",0:00:00,0:00:24,Instagram,Loft Living View,"Minat Loft Living, sales FU sapa nama, belum ada respon cust",❌,
19,"29-Sep-26, 5:52",S,81291646815,First Contact,Cold,Fitriyani Dewi,"29-Sep-26, 8:25",2:32:57,2:32:57,Instagram,Apart Kampus,"Minat info, sales kirim video, belum ada respon cust",❌,
20,"29-Sep-26, 5:38",Abi Assalaam,81558260996,First Contact,Cold,Fitriyani Dewi,"29-Sep-26, 8:25",2:44:20,0:00:25,Instagram,SOHO Signature,"Minat SOHO, sales kirim gambar, belum ada respon cust",❌,
21,"29-Sep-26, 0:26",Azizah,83872991066,First Contact,Cold,Kadek Bayu Permana Putra,"29-Sep-26, 0:29",0:03:19,0:03:19,Instagram,Apart Kampus,"Minat info, sales kirim video, belum ada respon cust",❌,
22,"29-Sep-26, 0:22",Yulia A.,8988340787,Cari Sewa,Junk,Ira Rosdiana,"29-Sep-26, 0:22",0:00:24,0:00:24,Not Detected,Not Detected,"Tanya sewa service office 25jt/bulan, diarahkan ke divisi sewa",,
23,"28-Sep-26, 21:52",𝒐,87872613721,First Contact,Cold,Ditto Zulfikar Junaedi,"28-Sep-26, 22:02",0:06:43,0:09:18,Instagram,SOHO Signature,"Minat SOHO, ditanya kapasitas karyawan, belum ada respon cust",❌,
24,"28-Sep-26, 20:19",Rita,81398602283,Buyer,Junk,Ditto Zulfikar Junaedi,"28-Sep-26, 20:22",0:03:23,0:03:23,Google,Website,"Tenant SOHO lt.11, konfirmasi update alamat perusahaan",,
25,"28-Sep-26, 19:10",AdeliaSdy,85810627901,Cari Sewa,Junk,Ira Rosdiana,"28-Sep-26, 19:11",0:00:55,0:00:55,Not Detected,Not Detected,"Tanya sewa office 6-8 orang, diarahkan divisi sewa, ditawari juga cicilan primary 13jt",,
26,"28-Sep-26, 19:06",RB,82277723075,Follow Up,Warm,Kadek Bayu Permana Putra,"28-Sep-26, 19:09",0:03:03,0:00:21,Instagram,SOHO Signature,"SOHO 144sqm 5M, cicilan bank tenor 15th, sedang bisnis trip di Kalimantan, balas 'Boleh' utk simulasi",✅,
27,"28-Sep-26, 17:08",Snoop DD,2348103831235,First Contact,Cold,Ditto Zulfikar Junaedi,"28-Sep-26, 17:26",0:17:21,0:01:08,Instagram,Loft Living View,"Minat Loft Living, sales FU lanjut, belum ada respon cust",❌,
28,"28-Sep-26, 17:03",ナジラ,83840013044,Follow Up,Cold,Kadek Bayu Permana Putra,"28-Sep-26, 17:03",0:00:00,0:00:23,Instagram,Apart Kampus,Balas 'aduh punten tadi kepencet' (salah klik),✅,
29,"28-Sep-26, 8:10",parii,89526272150,First Contact,Cold,Fitriyani Dewi,"28-Sep-26, 8:10",0:00:00,0:00:22,Instagram,SOHO Signature,"Minat SOHO, sales FU video & tanya ukuran, belum ada respon cust",❌,
30,"28-Sep-26, 7:35",mhdltfi,81233554310,First Contact,Cold,Ditto Zulfikar Junaedi,"28-Sep-26, 7:42",0:04:35,0:07:06,Instagram,Apart Kampus,"Minat info, ditanya apartemen/SOHO, belum ada respon cust",❌,
31,"28-Sep-26, 4:52",Zehan khansa,85864480496,First Contact,Cold,Fitriyani Dewi,"28-Sep-26, 6:41",1:46:15,1:49:43,Google,Apartemen LP2,"Minat info, FU konsep Live Play Earn Money, belum ada respon cust",❌,
32,"28-Sep-26, 4:40",Mal,81513984028,First Contact,Cold,Fitriyani Dewi,"28-Sep-26, 6:30",1:47:56,1:50:43,Instagram,Apart vs Rumah,"Minat info, FU konsep Live Play Earn Money, belum ada respon cust",❌,
33,"28-Sep-26, 1:29",M,81257342492,First Contact,Cold,Kadek Bayu Permana Putra,"28-Sep-26, 1:43",0:11:38,0:14:39,Instagram,SOHO Signature,"Minat SOHO, diundang Marketing Gallery, belum ada respon cust",❌,
34,"28-Sep-26, 1:17",mamachulo,895384150676,First Contact,Cold,Kadek Bayu Permana Putra,"28-Sep-26, 1:33",0:13:46,0:16:23,Instagram,SOHO Signature,"Minat SOHO, diundang Marketing Gallery, belum ada respon cust",❌,
35,"28-Sep-26, 1:00",chieppa,881012632110,First Contact,Cold,Kadek Bayu Permana Putra,"28-Sep-26, 1:09",0:09:33,0:10:53,Instagram,SOHO Signature,"Minat SOHO, diundang Marketing Gallery (termasuk FU percobaan otomasi), belum ada respon cust",❌,
36,"27-Sep-26, 22:22",azaajaa,87769283225,Strangers,Junk,Ditto Zulfikar Junaedi,"27-Sep-26, 22:26",0:04:38,0:00:12,Instagram,SOHO Signature,Balas 'aku masi kecil' & 'sory tadi kepencet' (klik tidak sengaja),,
37,"27-Sep-26, 21:11",Widyo,8561177487,First Contact,Cold,Kadek Bayu Permana Putra,"27-Sep-26, 21:20",0:09:19,0:00:20,Instagram,SOHO Signature,"Kontak lama (Mei, belum ada waktu visit); sesi baru minat SOHO, FU 1x sejauh ini, belum ada respon cust",❌,SOP sementara - window 24 jam belum selesai saat data ditarik (28-Sep ~10.30 WIB)
38,"27-Sep-26, 20:31",AL,82392069179,First Contact,Cold,Kadek Bayu Permana Putra,"27-Sep-26, 20:42",0:11:03,0:01:34,Instagram,SOHO Signature,"Minat SOHO, FU 1x sejauh ini, belum ada respon cust",❌,SOP sementara - window 24 jam belum selesai saat data ditarik (28-Sep ~10.30 WIB)
39,"27-Sep-26, 19:49",Muhammad Feryandiii,8132730400,Follow Up,Warm,Fitriyani Dewi,"27-Sep-26, 19:57",0:07:50,0:00:43,Not Detected,Not Detected,"Feryandi: tertarik unit AP-A 69,81m2, minta pricelist; dapat 2BR mulai 2,2M setelah PPN",✅,
40,"27-Sep-26, 18:16",dwipablo,82113173515,First Contact,Cold,Kadek Bayu Permana Putra,"27-Sep-26, 18:19",0:03:21,0:00:48,Instagram,SOHO Signature,"Minat SOHO, FU 1x sejauh ini, belum ada respon cust",❌,SOP sementara - window 24 jam belum selesai saat data ditarik (28-Sep ~10.30 WIB)
41,"27-Sep-26, 18:03",Husein,81281904663,First Contact,Cold,Ditto Zulfikar Junaedi,"27-Sep-26, 18:12",0:09:19,0:00:19,Instagram,SOHO Signature,"Minat SOHO, FU 2x sejauh ini, belum ada respon cust",❌,SOP sementara - window 24 jam belum selesai saat data ditarik (28-Sep ~10.30 WIB)
42,"27-Sep-26, 17:17",Muadzin Fajri,85391011782,Follow Up,Warm,Ditto Zulfikar Junaedi,"27-Sep-26, 17:22",0:04:34,0:00:09,Not Detected,Not Detected,"Fajri: tertarik unit AP-A 69,81m2, minta pricelist/promo/ketersediaan; dapat 2,2M (corner, free PPN), belum tau lokasi",✅,
43,"27-Sep-26, 16:17",Kafin Bahfen,8170817252,Follow Up,Warm,Ditto Zulfikar Junaedi,"27-Sep-26, 16:26",0:09:23,0:00:18,Instagram,Apart & WLB,"Kafin: tanya studio (min 2BR 69sqm), 'Harga brp' -> dapat start 2,2M free PPN (69/72/82 sqm), dikirim brosur & video",✅,
44,"27-Sep-26, 14:32",nanabilaaaaauu,85773219401,Follow Up,Cold,Ditto Zulfikar Junaedi,"27-Sep-26, 14:46",0:14:11,0:00:18,Instagram,SOHO Signature,"Aurel: kasih nama, tanya 'SOHO itu apa', 'oh gitu'; belum lanjut ke kebutuhan/harga",✅,[Ended by sales at 28-Sep-26 16:45 WIB]
45,"27-Sep-26, 14:22",Felicia Halim,81288110557,Follow Up,Visited,Ira Rosdiana,"27-Sep-26, 14:22",0:00:25,0:00:25,Not Detected,Not Detected,"Kontak lama (Feb, cari office); tanya info dari link, survey hari itu jam 5 sore, sudah 'masuk parkiran' & ketemu Rose di lobby North Tower",✅,
46,"27-Sep-26, 13:48",Color Image Indonesia,DM Instagram,Jualan product,Junk,Kadek Bayu Permana Putra,"27-Sep-26, 13:48",0:00:00,0:00:00,Instagram,DM Instagram,"Ajakan kolaborasi dari Color Image Indonesia (personal color & style), bukan leads properti",,
47,"27-Sep-26, 13:07",knz,87848009154,First Contact,Cold,Fitriyani Dewi,"27-Sep-26, 13:07",0:00:18,0:00:18,Instagram,SOHO Signature,"Minat SOHO, FU 3x (siang, sore, pagi), belum ada respon cust",✅,[Ended by sales at 28-Sep-26 15:22 WIB] SOP sementara - cek H+1 di update berikutnya
48,"27-Sep-26, 12:58",Mrs.G,85796566831,First Contact,Cold,Ditto Zulfikar Junaedi,"27-Sep-26, 13:02",0:04:31,0:00:11,Instagram,Loft Living View,"Minat Loft Living, dikirim e-brosur & video, FU 3x (siang, sore, pagi), belum ada respon cust",✅,SOP sementara - cek H+1 di update berikutnya
49,"27-Sep-26, 12:30",l,83844135997,First Contact,Cold,Kadek Bayu Permana Putra,"27-Sep-26, 12:34",0:03:34,0:01:03,Instagram,Apart & WLB,"Minat apartemen, FU 2x sejauh ini, belum ada respon cust",❌,SOP sementara - window 24 jam belum selesai saat data ditarik (28-Sep ~10.30 WIB)
50,"27-Sep-26, 7:31",Bojan Bogdanovic,81197204897,Cari Sewa,Junk,Kadek Bayu Permana Putra,"27-Sep-26, 7:31",0:00:00,0:00:00,Not Detected,Not Detected,"Do you have apartments for rent?', tidak sempat dijawab (abandoned)",,
51,"27-Sep-26, 4:11",PT. Nur Angkasa Abadi,82127375408,First Contact,Cold,Ditto Zulfikar Junaedi,"27-Sep-26, 7:27",3:16:23,0:00:19,Instagram,SOHO Signature,"Minat SOHO utk kantor, dikirim e-brosur & video, FU 2x dlm 24 jam, belum ada respon cust",❌,
52,"26-Sep-26, 23:20",Supriadi Asri,82194360017,Follow Up,Warm,Kadek Bayu Permana Putra,"26-Sep-26, 23:27",0:07:05,0:00:21,Instagram,Apart Kampus,"Supriadi: minta PL & denah 2BR, pilih tipe H; dapat harga 2,8M (2,6M stlh free PPN 220jt), diundang visit",✅,
53,"26-Sep-26, 19:27",Chandra Sekawan,81260993821,Follow Up,Warm,Ira Rosdiana,"26-Sep-26, 19:27",0:00:33,0:00:33,Instagram,Apart Kampus,"Kontak lama (Jun, batal krn balkon kecil); sesi baru cari hunian, tanya Loft 2BR (sisa 1 unit), minta video, ditawari private viewing, dipindah ke WA bisnis sales",✅,[Ended by sales at 27-Sep-26 12:41 WIB]
54,"26-Sep-26, 19:13",aon,85283318928,Strangers,Junk,Kadek Bayu Permana Putra,"26-Sep-26, 19:13",0:00:17,0:00:17,Instagram,SOHO Signature,"Cust hanya copy-paste ulang pesan sales (echo), tidak nyambung, ditutup sales 14 menit",,
55,"26-Sep-26, 19:06",iiLeora,81928400333,First Contact,Cold,Fitriyani Dewi,"26-Sep-26, 19:07",0:00:16,0:00:16,Instagram,SOHO Signature,"Minat SOHO, FU 3x (malam, pagi, sore) + lanjut H+1, belum ada respon cust",✅,
56,"26-Sep-26, 17:36",m,881011215282,First Contact,Cold,Ditto Zulfikar Junaedi,"26-Sep-26, 17:43",0:07:18,0:00:12,Instagram,SOHO Signature,"Minat SOHO, tanya cari kantor/apartemen, FU 1x dlm 24 jam, belum ada respon cust",❌,
57,"26-Sep-26, 17:30",Fi,895328315861,First Contact,Cold,Kadek Bayu Permana Putra,"26-Sep-26, 17:38",0:08:01,0:01:15,Instagram,Apart Kampus,"Minat info, FU 2x, belum ada respon cust",❌,
58,"26-Sep-26, 17:22",SISCA🌹🌹🌹,8176432738,Jualan product,Junk,Kadek Bayu Permana Putra,"26-Sep-26, 17:22",0:00:00,0:00:00,Instagram,Loft Living View,"Vendor Wisnu Grafika tawarkan jasa advertising/publishing/merchandise, kirim company profile",,
59,"26-Sep-26, 16:10",W,81239976721,Follow Up,Cold,Ditto Zulfikar Junaedi,"26-Sep-26, 16:16",0:05:50,0:01:24,Instagram,Apart Kampus,"Cari apart, tanya apakah ada yg pet friendly (dijawab max 15kg); belum jawab kebutuhan tipe/kamar",✅,
60,"26-Sep-26, 15:12",8,895622415190,First Contact,Cold,Kadek Bayu Permana Putra,"26-Sep-26, 15:21",0:09:41,0:00:31,Instagram,Apart Kampus,"Minat info, FU 3x (sore, malam, siang) tapi belum ada respon cust",❌,FU 3x dlm 24 jam tapi tidak ada FU lanjutan setelahnya
61,"26-Sep-26, 14:05",Erni FIT HUB BSD GOLDFINCH,DM Instagram,Jualan product,Junk,Kadek Bayu Permana Putra,"26-Sep-26, 14:05",0:00:00,0:00:00,Instagram,Apart & WLB,"Vendor FIT HUB Indonesia tawarkan support event olahraga/free trial gym, bukan leads properti",,
62,"26-Sep-26, 13:11",J,821083433209,Follow Up,Warm,Yulia Eunike,"26-Sep-26, 13:15",0:03:53,0:01:32,Instagram,DM Instagram,"WNA (+82), budget 3-6M, 1-2BR penthouse/unit besar; awalnya via DM Instagram (sales Bayu) lalu pindah ke WA, minta lihat unit & tanya harga (Loft start 2,68M)",✅,Digabung dgn kontak DM Instagram 'J' (13:10) - orang yg sama
63,"26-Sep-26, 12:26",Tokushiki Fukatochimo,82171777771,Follow Up,Warm,Fitriyani Dewi,"26-Sep-26, 12:26",0:00:15,0:00:15,Instagram,SOHO Signature,"Law Office 10 karyawan, tanya lokasi BSD; direkomendasikan SOHO Signature 144sqm ±4,8M, belum tau lokasi Upper West",✅,
64,"26-Sep-26, 11:55",Riki,89643558982,Follow Up,Warm,Ditto Zulfikar Junaedi,"26-Sep-26, 11:56",0:00:19,0:00:19,Instagram,Apart Kampus,"Riki (kontak lama Jun-Jul): cari kantor yg bisa jadi apart, minta detail unit ready, total harga, skema cash & cicilan; dapat SOHO start 2,6M",✅,
65,"26-Sep-26, 11:52",okta,85888540174,First Contact,Cold,Yulia Eunike,"26-Sep-26, 11:54",0:01:33,0:01:32,Instagram,SOHO Signature,"Minat SOHO, e-brosur & tanya kapasitas karyawan, FU 3x (siang, sore, pagi) tapi tidak ada respon cust",❌,FU 3x dlm 24 jam tapi tidak ada FU lanjutan setelahnya
66,"26-Sep-26, 11:48",Chuan Shan,87793132379,Cari Sewa,Junk,Ira Rosdiana,"26-Sep-26, 11:48",0:00:25,0:00:25,Instagram,Apart Kampus,"Langsung tanya sewa tahunan studio, rate mulai 80jt/thn dirasa 'kemahalan', cari 2jt/bulan, lalu 'gk jadi'",,
67,"26-Sep-26, 9:57",Ian,81285505386,Follow Up,Warm,Kadek Bayu Permana Putra,"26-Sep-26, 9:58",0:00:34,0:00:34,Instagram,Loft Living View,"Ian: minat Loft Living, tanya tipe unit & minta list harga per unit; dapat kisaran 2M-5M, detail harga saat visit",✅,
68,"26-Sep-26, 9:40",Dzaky,895623810100,Strangers,Junk,Fitriyani Dewi,"26-Sep-26, 9:50",0:09:34,0:00:22,Instagram,Apart Kampus,"Chat tidak jelas ('capis', 'naonsih capis'), tidak menjawab pertanyaan sales; tag JUNK 'Respon tidak jelas'",,
69,"26-Sep-26, 9:35",mil,89684078826,First Contact,Cold,Fitriyani Dewi,"26-Sep-26, 9:38",0:02:34,0:00:22,Instagram,Apart Kampus,"Minat info, sales FU 1x, belum ada respon cust",❌,
70,"26-Sep-26, 9:26",r,81997851000,First Contact,Cold,Yulia Eunike,"26-Sep-26, 9:33",0:06:13,0:01:19,Instagram,Apart Kampus,"Dikirim e-brosur, belum ada respon cust",❌,
71,"26-Sep-26, 8:36",Kai,82217540447,Follow Up,Warm,Fitriyani Dewi,"26-Sep-26, 8:36",0:00:25,0:00:25,Instagram,Apart Kampus,"Dapat simulasi cicilan 14jt/bln tenor 15th, ditawari lihat unit",✅,
72,"26-Sep-26, 7:20",Christine Mitsubishi Dipo,85282121996,First Contact,Cold,Ditto Zulfikar Junaedi,"26-Sep-26, 7:49",0:29:52,0:02:30,Instagram,SOHO Signature,"Ditanya apartemen/kantor, belum ada respon cust",❌,[Ended by sales at 26-Sep-26 16:16 WIB]
73,"26-Sep-26, 7:02",irsyad kurniansyh,89656409684,First Contact,Cold,Fitriyani Dewi,"26-Sep-26, 7:18",0:16:32,0:02:41,Google,Apartemen LP3,"Minat info, sudah dibaca, belum ada respon",❌,
74,"25-Sep-26, 22:24",wawaaaa,895328960468,First Contact,Cold,Ira Rosdiana,"25-Sep-26, 22:24",0:00:27,0:00:27,Instagram,SOHO Signature,"Ditanya hunian/office, belum ada respon cust",❌,
75,"25-Sep-26, 18:32",ronny,85174442567,Follow Up,Warm,Kadek Bayu Permana Putra,"25-Sep-26, 18:35",0:02:30,0:02:30,Google,Website,"Studio sold out, dapat alternatif 1+1 (2,4M), 'mungkin dipertimbangkan lagi'",✅,[Ended by sales at 29-Sep-26 09:32 WIB]
76,"25-Sep-26, 18:09",Aldilla,89612544478,Cari Sewa,Junk,Fitriyani Dewi,"25-Sep-26, 18:10",0:00:31,0:00:31,Not Detected,Not Detected,Tanya sewa (tag JUNK otomatis dari sistem),,
77,"25-Sep-26, 17:12",Furqon,87748884893,First Contact,Cold,Ditto Zulfikar Junaedi,"25-Sep-26, 17:15",0:02:37,0:02:37,Instagram,Apart vs Rumah,"Minat info, sales FU 1x, belum ada respon cust",❌,
78,"25-Sep-26, 16:51",Ayudewipl,89687319225,First Contact,Cold,Ira Rosdiana,"25-Sep-26, 16:54",0:03:10,0:03:10,Instagram,Apart Kampus,"Ditanya hunian/office, belum ada respon cust",❌,
79,"25-Sep-26, 16:29",jiayii Tann,81239844581,Follow Up,Warm,Kadek Bayu Permana Putra,"25-Sep-26, 16:29",0:00:24,0:00:24,Instagram,Loft Living View,"Tanya status legal unit (HGB/SHMSRS), due diligence serius",✅,
80,"25-Sep-26, 16:28",Rizki Galuh Pratama,81286197250,Follow Up,Warm,Fitriyani Dewi,"25-Sep-26, 16:38",0:09:37,0:04:41,Instagram,Loft Living View,Konfirmasi tujuan 'Untuk invest',✅,
81,"25-Sep-26, 15:46",zacheus,8561262351,First Contact,Cold,Ditto Zulfikar Junaedi,"25-Sep-26, 15:46",0:00:13,0:00:13,Instagram,SOHO Signature,"Minat SOHO, sales FU 1x, belum ada respon cust",❌,
82,"25-Sep-26, 15:32",Nic,81216288490,Follow Up,Visited,Yulia Eunike,"25-Sep-26, 15:36",0:03:45,0:03:45,Google,Apart & SOHO LP1,"Minat 3 BR, sudah minat LF - A, minta simulasi dan sedang Perbandingan ke Apartemen Sekitar BSD untuk memilih yang cocok sesuai kebutuhan mereka",✅,
83,"25-Sep-26, 15:08",Jenni,89698785429,First Contact,Cold,Kadek Bayu Permana Putra,"25-Sep-26, 15:11",0:03:01,0:03:01,Instagram,Loft Living View,"Minat Loft Living, sales FU 1x, belum ada respon cust",❌,
84,"25-Sep-26, 11:31",David Setiawan,61450739101,Cari Sewa,Junk,Ditto Zulfikar Junaedi,"25-Sep-26, 11:32",0:00:55,0:00:55,Google,Apartemen LP3,"Eksplisit tanya 'sewa selama satu bulan?', ditolak & ditutup",,
85,"25-Sep-26, 11:23",bre,81385985099,First Contact,Cold,Yulia Eunike,"25-Sep-26, 11:29",0:05:36,0:05:36,Instagram,SOHO Signature,"Dikirim e-brosur, belum ada respon cust",❌,
86,"25-Sep-26, 7:06",Jessie Novita Garlick,8567515608,Follow Up,Cold,Ditto Zulfikar Junaedi,"25-Sep-26, 7:27",0:20:42,0:00:32,Instagram,Loft Living View,"Kasih nama, balasan sopan minim, belum ada minat spesifik",✅,
87,"25-Sep-26, 5:12",brl.,85869391903,Follow Up,Warm,Ditto Zulfikar Junaedi,"25-Sep-26, 6:52",1:39:44,0:00:14,Instagram,Apart Kampus,Pak Barrul: ditawari lihat unit sore ini/besok,✅,
88,"24-Sep-26, 21:14",Driian,82210752753,First Contact,Cold,Ditto Zulfikar Junaedi,"24-Sep-26, 21:15",0:00:19,0:00:19,Instagram,Apart Kampus,"Dikirim gambar, belum ada respon cust",❌,
89,"24-Sep-26, 20:11",Kelly,8116150610,Follow Up,Warm,Yulia Eunike,"24-Sep-26, 20:15",0:03:39,0:01:24,Instagram,SOHO Signature,Diskusi bidang usaha kantor utk SOHO,✅,
90,"24-Sep-26, 19:33",Mohamed,81181103406,Cari Sewa,Junk,Kadek Bayu Permana Putra,"24-Sep-26, 19:34",0:00:22,0:00:22,Not Detected,Not Detected,"Mau sewa meeting room, ditolak (khusus tenant)",,
91,"24-Sep-26, 16:50",Subianto,82111065757,Follow Up,Cold,Fitriyani Dewi,"24-Sep-26, 16:52",0:02:25,0:00:14,Instagram,SOHO Signature,"Sales follow up cek pemahaman, respon minim",✅,
92,"24-Sep-26, 14:03",kiaa,89668227222,First Contact,Cold,Yulia Eunike,"24-Sep-26, 14:20",0:16:55,0:00:59,Instagram,Apart Kampus,"Minat info, sales FU 1x, belum ada respon cust",❌,
93,"24-Sep-26, 13:48",Faris,85156972240,First Contact,Cold,Fitriyani Dewi,"24-Sep-26, 13:53",0:04:53,0:00:16,Instagram,SOHO Signature,"Minat SOHO, sales FU 2x, belum ada respon cust",❌,
94,"24-Sep-26, 13:38",rizkiiiy_,DM Instagram,Strangers,Junk,Fitriyani Dewi,"24-Sep-26, 14:03",0:25:01,0:02:10,Instagram,DM Instagram,"Kirim gambar tanpa teks, belum ada respon cust",,
95,"24-Sep-26, 13:10",Firmansyah,83140504991,Follow Up,Warm,Kadek Bayu Permana Putra,"24-Sep-26, 13:10",0:00:12,0:00:12,Instagram,SOHO Signature,"Minat SOHO, konfirmasi 'Hunian', dikirim video unit",✅,[Ended by sales at 30-Sep-26 22:48 WIB]
96,"24-Sep-26, 11:31",Andi Mario rita,8119006994,First Contact,Cold,Yulia Eunike,"24-Sep-26, 11:35",0:04:17,0:01:30,Google,Website,"Dari Google, minta brosur, belum ada respon cust",❌,
97,"24-Sep-26, 10:03",Bonnie Wong ID,82353703020,Cari Sewa,Junk,Kadek Bayu Permana Putra,"24-Sep-26, 10:03",0:00:12,0:00:11,Instagram,Loft Living View,"Mau sewa meeting room utk komunitas, bukan beli unit (2 sesi chat)",,
98,"24-Sep-26, 9:45",ENESDI SIGNATURE OFFICE,85811717717,Buyer,Junk,Fitriyani Dewi,"24-Sep-26, 9:54",0:09:31,0:00:28,Not Detected,Not Detected,"Sudah pemilik unit lt.9, tanya IPL & listrik",,
99,"24-Sep-26, 9:24",Maria Gunawan,85220446617,Follow Up,Warm,Fitriyani Dewi,"24-Sep-26, 10:30",0:00:19,0:00:19,Not Detected,Not Detected,"Tanya tower, serah terima, furnish, harga SOHO 2,6M detail",✅,
100,"24-Sep-26, 7:35",Decull gallagher,8895273267,First Contact,Cold,Ditto Zulfikar Junaedi,"24-Sep-26, 7:40",0:04:59,0:00:24,Instagram,SOHO Signature,"Minat SOHO, sales FU 1x, belum ada respon cust",❌,
101,"24-Sep-26, 7:01",kuscahyobudiprayogo,81259598899,Follow Up,Prospect,Kadek Bayu Permana Putra,"24-Sep-26, 9:07",0:05:59,0:01:40,Instagram,SOHO Signature,"Diskusi cicilan detail & tanya jam kedatangan hari ini, dikirim maps lokasi",✅,[Ended by sales at 30-Sep-26 14:49 WIB]
102,"24-Sep-26, 4:54",HADI SUCIPTO BIN TARNO,811184278,First Contact,Cold,Kadek Bayu Permana Putra,"24-Sep-26, 7:17",2:22:48,0:00:19,Instagram,SOHO Signature,"Minat SOHO, sales FU 1x, belum ada respon cust",❌,
103,"24-Sep-26, 0:40",GT,82129092330,Follow Up,Cold,Kadek Bayu Permana Putra,"24-Sep-26, 7:07",2:26:38,0:00:00,Instagram,Loft Living View,Tanya 'info brp' sebelum sales sempat balas,✅,
104,"24-Sep-26, 0:22",NURAISAH,82125510509,First Contact,Cold,Kadek Bayu Permana Putra,"24-Sep-26, 0:31",0:09:10,0:00:20,Google,Website,"Minat info, sales FU 1x, belum ada respon cust",❌,
105,"23-Sep-26, 20:54",yd,81220168616,First Contact,Cold,Kadek Bayu Permana Putra,"23-Sep-26, 21:04",0:09:48,0:00:20,Instagram,Loft Living View,"Minat Loft Living, sales FU 1x, belum ada respon cust",❌,
106,"23-Sep-26, 19:38",Vivi,81280803820,Follow Up,Warm,Kadek Bayu Permana Putra,"23-Sep-26, 19:43",0:05:09,0:00:16,Instagram,Apart Kampus,"Unit 2BR, harga 2,4-2,8M, tanya cicilan dev, akan visit stlh dari luar kota",✅,[Ended by sales at 28-Sep-26 01:44 WIB]
107,"23-Sep-26, 19:02",.,89684203635,First Contact,Cold,Ira Rosdiana,"23-Sep-26, 19:06",0:03:52,0:01:38,Instagram,SOHO Signature,"Minat SOHO, sales FU 1x, belum ada respon cust",❌,
108,"23-Sep-26, 18:25",Verlyn,31640873073,Follow Up,Warm,Kadek Bayu Permana Putra,"23-Sep-26, 18:25",0:00:21,0:00:20,Google,Website,"Dari Google, konfirmasi huni & invest, tanya luasan unit apartemen",✅,
109,"23-Sep-26, 18:10",wang,85771874500,First Contact,Cold,Ditto Zulfikar Junaedi,"23-Sep-26, 18:13",0:03:11,0:00:44,Instagram,Loft Living View,"Minat Loft Living, sales FU 1x, belum ada respon cust",❌,
110,"23-Sep-26, 15:01",siwoyo,881011430248,Follow Up,Cold,Ira Rosdiana,"23-Sep-26, 15:01",0:00:30,0:00:29,Instagram,Apart Kampus,Balas 'iya ad yg bisa saya bntu' setelah konfirmasi ulang,✅,
111,"23-Sep-26, 14:03",fhri,85691332782,Cari Sewa,Junk,Fitriyani Dewi,"23-Sep-26, 14:26",0:23:20,0:00:30,Instagram,Apart Kampus,Eksplisit tanya 'ini sewa apartemen kak?',,
112,"23-Sep-26, 13:09",arista.duaribu.export,85186651107,First Contact,Cold,Kadek Bayu Permana Putra,"23-Sep-26, 13:12",0:03:14,0:00:39,Instagram,SOHO Signature,"Ditanya nama, belum ada respon",❌,
113,"23-Sep-26, 12:30",wm ilham,81280964789,Follow Up,Warm,Fitriyani Dewi,"23-Sep-26, 12:31",0:00:31,0:00:31,Not Detected,Not Detected,"Diminta video unit, sudah dikirim",✅,
114,"23-Sep-26, 12:19",Review by Cal,DM Instagram,Jualan Product,Junk,Kadek Bayu Permana Putra,"23-Sep-26, 12:19",0:04:44,0:00:00,Instagram,DM Instagram,Jual product endorse,,
115,"23-Sep-26, 11:37",MP,81282637090,First Contact,Cold,Fitriyani Dewi,"23-Sep-26, 11:37",0:00:20,0:00:20,Instagram,SOHO Signature,"Dikirim gambar unit, belum ada respon",❌,
116,"23-Sep-26, 11:13",Aksa,81219583899,Follow Up,Visited,Yulia Eunike,"23-Sep-26, 11:16",0:03:38,0:01:07,Google,Website,"Untuk Kantor dan hunian bidang Coffee, sedang di rundingkan untuk budget cash minat T1 1206",,
117,"23-Sep-26, 8:08",Fera,81284158868,First Contact,Cold,Yulia Eunike,"23-Sep-26, 8:18",0:09:55,0:00:46,Instagram,SOHO Signature,"Ditanya kebutuhan unit tipe, belum ada respon",❌,
118,"23-Sep-26, 8:03",Ary Nugraha,82122461998,Follow Up,Visited,Yulia Eunike,"23-Sep-26, 8:08",0:05:00,0:00:33,Not Detected,Not Detected,"Soho Kapasitas 10 Karyawan, minat unit Luasan 78 sqm, mau diskusi dengan Partner untuk harga dan cicilan",✅,
119,"23-Sep-26, 0:44",ferdi,82114431446,First Contact,Cold,Kadek Bayu Permana Putra,"23-Sep-26, 0:50",0:05:32,0:00:33,Instagram,Apart Kampus,"Dikirim video unit, belum ada respon",❌,[Ended by sales at 29-Sep-26 09:34 WIB]
120,"22-Sep-26, 22:21",khirá,81389666716,Follow Up,Warm,Ira Rosdiana,"22-Sep-26, 22:22",0:00:22,0:00:22,Google,Apartemen LP2,Diskusi preferensi lantai (tinggi/tengah),❌,
121,"22-Sep-26, 20:30",RM,85385286188,First Contact,Cold,Fitriyani Dewi,"22-Sep-26, 20:31",0:00:17,0:00:17,Instagram,SOHO Signature,"Ditanya familiar lokasi, belum ada respon",❌,
122,"22-Sep-26, 20:04",spiderman baiq,81511447871,First Contact,Cold,Kadek Bayu Permana Putra,"22-Sep-26, 20:09",0:05:04,0:00:29,Instagram,Apart Kampus,"Ditanya nama, belum ada respon",❌,[Ended by sales at 27-Sep-26 11:47 WIB]
123,"22-Sep-26, 17:52",nsa,82114066442,First Contact,Cold,Kadek Bayu Permana Putra,"22-Sep-26, 17:53",0:00:21,0:00:21,Instagram,SOHO Signature,"Ditanya huni/invest, belum ada respon",❌,[Ended by sales at 29-Sep-26 09:35 WIB]
124,"22-Sep-26, 16:10",Dwiputri,8158077587,Follow Up,Cold,Ditto Zulfikar Junaedi,"22-Sep-26, 16:11",0:00:27,0:00:27,Instagram,SOHO Signature,"Balas emoji pray hands, minim respon lanjutan",✅,
125,"22-Sep-26, 15:56",Richard,82117901987,First Contact,Cold,Yulia Eunike,"22-Sep-26, 15:57",0:00:51,0:00:51,Instagram,SOHO Signature,"Ditanya kebutuhan unit tipe, belum ada respon",❌,
126,"22-Sep-26, 15:17",.,85811713917,First Contact,Cold,Ira Rosdiana,"22-Sep-26, 15:17",0:00:25,0:00:25,Instagram,SOHO Signature,"Ditanya hunian/office, belum ada respon",❌,
127,"22-Sep-26, 14:58",iqqisss,8568769313,First Contact,Cold,Fitriyani Dewi,"22-Sep-26, 14:59",0:01:11,0:01:11,Instagram,SOHO Signature,"Dikirim gambar unit, belum ada respon",❌,
128,"22-Sep-26, 14:09",ra,85157694472,First Contact,Cold,Ditto Zulfikar Junaedi,"22-Sep-26, 14:12",0:03:05,0:00:29,Instagram,Apart Kampus,"Ditanya office/apartemen, belum ada respon",❌,
129,"22-Sep-26, 14:08",Karinatasya,8978178886,Cari Sewa,Junk,Kadek Bayu Permana Putra,"22-Sep-26, 14:13",0:05:25,0:00:45,Instagram,SOHO Signature,Cari sewa untuk fotoshoot,,
130,"22-Sep-26, 12:28",Fungdyawan Sulianto,81936535392,First Contact,Cold,Kadek Bayu Permana Putra,"22-Sep-26, 12:28",0:00:14,0:00:14,Instagram,Loft Living View,"Ditanya huni/invest, belum ada respon",❌,[Ended by sales at 29-Sep-26 09:35 WIB]
131,"22-Sep-26, 11:22",Nisha,81285958456,Follow Up,Warm,Ditto Zulfikar Junaedi,"22-Sep-26, 11:22",0:00:40,0:00:40,Instagram,2Br Fully Furnsihed,"Buat bos-nya: tanya detail 2BR (harga 2,2M, DP 5%, IPL 33,8rb/m2, KPA), diundang survey weekend ini",❌,
132,"22-Sep-26, 10:25",eTHa,81911206008,First Contact,Cold,Yulia Eunike,"22-Sep-26, 10:26",0:01:16,0:01:15,Instagram,Loft Living View,"Ibu Margaretha, dijelaskan konsep Live Play Earn Money",❌,
133,"22-Sep-26, 9:46",Putra,818812939,Follow Up,Warm,Ira Rosdiana,"22-Sep-26, 9:51",0:04:55,0:00:18,Instagram,SOHO Signature,"Diskusi angsuran, disarankan lihat unit dulu",✅,
134,"22-Sep-26, 8:01",Humble,81211700705,First Contact,Cold,Ditto Zulfikar Junaedi,"22-Sep-26, 8:28",0:26:20,0:01:06,Instagram,Apart Kampus,"Ditanya nama, belum ada respon",❌,
135,"22-Sep-26, 7:25",nico,8987058170,Strangers,Junk,Ditto Zulfikar Junaedi,"22-Sep-26, 7:25",0:00:00,0:00:00,Not Detected,Not Detected,"Mahasiswa Binus minta izin survei akademik, bukan leads",,
136,"22-Sep-26, 7:21",Albert,81290979927,First Contact,Cold,Ditto Zulfikar Junaedi,"22-Sep-26, 8:13",0:52:00,0:00:24,Instagram,Loft Living View,"Ditanya lokasi, belum ada respon",❌,
137,"22-Sep-26, 5:34",Anna,81317877789,First Contact,Cold,Ditto Zulfikar Junaedi,"22-Sep-26, 7:11",1:37:19,0:00:14,Instagram,Loft Living View,"Dikirim e-brosur, belum ada respon",❌,
138,"22-Sep-26, 0:52",Suwanto,8985527887,Follow Up,Warm,Kadek Bayu Permana Putra,"22-Sep-26, 1:02",0:09:51,0:00:21,Instagram,Apart Kampus,"Diskusi budget unit, masih berlangsung",✅,[Ended by sales at 29-Sep-26 09:35 WIB]
139,"21-Sep-26, 23:29",Ci,87731304343,First Contact,Cold,Kadek Bayu Permana Putra,"21-Sep-26, 23:30",0:00:32,0:00:32,Instagram,SOHO Signature,"Ditanya nama, belum ada respon",❌,[Ended by sales at 29-Sep-26 09:36 WIB]
140,"21-Sep-26, 22:33",DIAN,85931077617,Follow Up,Warm,Ditto Zulfikar Junaedi,"21-Sep-26, 22:35",0:02:29,0:00:12,Instagram,SOHO Signature,"Bisnis pakaian, diskusi ukuran kantor sesuai jml karyawan",✅,
141,"21-Sep-26, 20:57",Dewi J,816871671,Follow Up,Warm,Ira Rosdiana,"21-Sep-26, 21:00",0:03:08,0:00:27,Instagram,Loft Living View,Tanya harga 3BR spesifik,✅,
142,"21-Sep-26, 18:35",Gatra,8115708744,Follow Up,Cold,Kadek Bayu Permana Putra,"21-Sep-26, 18:35",0:00:31,0:00:30,Instagram,Loft Living View,"Minat Loft Living, tapi akhirnya minta ganti sales lain ('Tolong kasih saya sales lain ya') - tanda kurang puas, bukan pindah ke WA pribadi",✅,[Ended by sales at 23-Sep-26 03:39 WIB]
143,"21-Sep-26, 17:35",Daniella Elora,8112773304,Cari Sewa,Junk,Ditto Zulfikar Junaedi,"21-Sep-26, 17:35",0:00:00,0:00:00,Not Detected,Not Detected,Tanya sewa bulanan/tahunan,,
144,"21-Sep-26, 17:30",Anton L,811928022,Follow Up,Warm,Yulia Eunike,"21-Sep-26, 17:35",0:04:57,0:00:30,Instagram,Loft Living View,Minta share brosur,✅,
145,"21-Sep-26, 14:52",Tinafang,87882248230,Follow Up,Cold,Kadek Bayu Permana Putra,"21-Sep-26, 14:52",0:00:14,0:00:14,Not Detected,Not Detected,Balas 'Oh baik' singkat,✅,[Ended by sales at 21-Sep-26 22:00 WIB]
146,"21-Sep-26, 14:41",Nad,81295181731,First Contact,Cold,Ditto Zulfikar Junaedi,"21-Sep-26, 14:41",0:00:23,0:00:23,Google,Website,"Dikirim e-brosur, belum ada respon",❌,
147,"21-Sep-26, 13:42",Daniel,81287458494,First Contact,Cold,Yulia Eunike,"21-Sep-26, 13:46",0:03:48,0:01:03,Google,Website,"Ditanya kebutuhan unit tipe, belum ada respon",❌,
148,"21-Sep-26, 13:40",Vinn,89626026448,First Contact,Cold,Fitriyani Dewi,"21-Sep-26, 13:41",0:00:31,0:00:31,Instagram,Apart Kampus,"Pak Gilbert: ditanya sudah tau lokasi, belum ada respon",❌,
149,"21-Sep-26, 11:05",Santa,81212253899,First Contact,Cold,Kadek Bayu Permana Putra,"21-Sep-26, 11:13",0:07:13,0:00:17,Google,Apartemen LP2,"Ditanya kebutuhan hunian/investasi, belum ada respon",❌,[Ended by sales at 29-Sep-26 09:35 WIB]
150,"20-Sep-26, 22:21",Angelina,85161303050,Follow Up,Warm,Ira Rosdiana,"20-Sep-26, 22:24",0:02:55,0:00:28,Google,Apartemen LP2,"Sales tanya hari untuk private viewing, tunggu jawaban",✅,
151,"20-Sep-26, 17:04",Arina Renata,87887181555,Follow Up,Warm,Ira Rosdiana,"20-Sep-26, 17:05",0:00:39,0:00:38,Google,Website,"Dapat harga 2BR mulai 2M, ditawari jadwal private viewing",✅,
152,"20-Sep-26, 14:46",.,85129869075,Follow Up,Warm,Fitriyani Dewi,"20-Sep-26, 14:48",0:01:41,0:01:41,Google,Website,"Ibu Nada: aktif, ditanya area aktivitas",✅,[Ended by sales at 01-Oct-26 08:12 WIB]
153,"20-Sep-26, 7:33",--i,89676130952,Follow Up,Warm,Kadek Bayu Permana Putra,"20-Sep-26, 8:08",0:35:48,0:00:00,Google,Apartemen LP3,"Balas 'hunian', kasih tau tujuan pembelian",✅,[Ended by sales at 26-Sep-26 11:14 WIB]
154,"20-Sep-26, 5:44",P,89509685143,Strangers,Junk,Kadek Bayu Permana Putra,"20-Sep-26, 5:44",0:00:00,0:00:00,Not Detected,Not Detected,"Chat 'Bisa transit ya' tidak relevan, ditutup sales",,
155,"19-Sep-26, 17:19",kerbawww,85697124296,First Contact,Cold,Fitriyani Dewi,"19-Sep-26, 17:20",0:01:08,0:01:08,Instagram,SOHO Signature,"Minat SOHO, sales FU 1x, belum ada respon cust",❌,
156,"19-Sep-26, 14:18",Eliza Janalis,89637502074,Strangers,Junk,Kadek Bayu Permana Putra,"19-Sep-26, 14:18",0:00:00,0:00:00,Instagram,SOHO Signature,"Chat 'Ini siapa', tidak relevan, ditutup sales",,
157,"19-Sep-26, 12:30",ASYA NUR UTAŞ,905337738574,Follow Up,Prospect,Ira Rosdiana,"19-Sep-26, 12:31",0:00:39,0:00:39,Not Detected,Not Detected,"WNA Turki, diundang private viewing minggu ini, balas 'Ok'",✅,[Ended by sales at 27-Sep-26 12:31 WIB]
158,"19-Sep-26, 12:19",.,85891010161,Follow Up,Cold,Fitriyani Dewi,"19-Sep-26, 12:19",0:00:10,0:00:10,Google,Apartemen LP2,"Ibu Caca: sales tanya huni/invest, masih tunggu balasan",✅,
159,"18-Sep-26, 20:37",Nini Febriani,81319440878,Strangers,Junk,Kadek Bayu Permana Putra,"18-Sep-26, 20:42",0:04:47,0:00:29,Not Detected,Not Detected,"Salah nomor, kira nomor reservasi (diarahkan cek google maps)",,
160,"18-Sep-26, 8:21",Billy,816626000,First Contact,Cold,Ditto Zulfikar Junaedi,"18-Sep-26, 8:26",0:05:11,0:00:26,Instagram,SOHO Signature,"Minat SOHO, sales FU 1x, belum ada respon cust",❌,[Ended by sales at 22-Sep-26 19:44 WIB]
161,"18-Sep-26, 5:23",i,895711453636,First Contact,Cold,Ditto Zulfikar Junaedi,"18-Sep-26, 7:13",1:50:13,0:00:00,Instagram,SOHO Signature,"Minat SOHO, sales FU 1x, belum ada respon cust",❌,
162,"17-Sep-26, 22:30",Mel,81364137577,Follow Up,Warm,Ditto Zulfikar Junaedi,"17-Sep-26, 22:37",0:07:23,0:00:15,Instagram,Apart Kampus,"Meli: minat apart, tanya harga, dapat 2,2M",✅,[Ended by sales at 22-Sep-26 13:48 WIB]
163,"17-Sep-26, 20:51",bl,8984935366,First Contact,Cold,Kadek Bayu Permana Putra,"17-Sep-26, 21:02",0:10:07,0:00:34,Instagram,Apart Kampus,"Minat info, sales FU 1x, belum ada respon cust",❌,[Ended by sales at 23-Sep-26 03:37 WIB]
164,"17-Sep-26, 19:47",b,83135488173,Cari Sewa,Junk,Kadek Bayu Permana Putra,"17-Sep-26, 19:50",0:02:59,0:00:30,Google,Apartemen,"Tanya sewa, diarahkan ke IG rental @lifeatupperwest",,
165,"17-Sep-26, 19:11",EK,8111759123,Follow Up,Warm,Yulia Eunike,"17-Sep-26, 19:12",0:00:56,0:00:56,Instagram,Loft Living View,"Tanya tipe LF-A, harga, simulasi KPA; masih menimbang & compare",✅,
166,"17-Sep-26, 17:51",Jonathan,37064353730,Follow Up,Visited,Kadek Bayu Permana Putra,"17-Sep-26, 17:52",0:00:23,0:00:23,Not Detected,Not Detected,"Masih compare dengan apart lain di BSD, karna baru tinggal 6 bln di BSD, Suka sama APF cara bayar masih dipikirkan",✅,[Ended by sales at 21-Sep-26 21:54 WIB]
167,"17-Sep-26, 17:44",Nabila,85647177164,Strangers,Junk,Ira Rosdiana,"17-Sep-26, 17:54",0:09:38,0:00:36,Instagram,SOHO Signature,"Chat mengancam/troll ('viralin ke TikTok'), ditutup sales",,
168,"17-Sep-26, 15:22",ayaa,895410926744,First Contact,Cold,Fitriyani Dewi,"17-Sep-26, 15:22",0:00:19,0:00:18,Instagram,Apart Kampus,"Minat info, sales FU 1x, belum ada respon cust",❌,[Ended by sales at 26-Sep-26 15:16 WIB]
169,"17-Sep-26, 13:49",clarissa,85601342005,First Contact,Cold,Kadek Bayu Permana Putra,"17-Sep-26, 13:54",0:04:42,0:00:14,Instagram,Apart Kampus,"Minat info, sales FU 2x, belum ada respon cust",❌,[Ended by sales at 23-Sep-26 03:37 WIB]
170,"17-Sep-26, 12:56",Ferry,81293479291,Follow Up,Cold,Ira Rosdiana,"17-Sep-26, 12:58",0:02:27,0:00:22,Instagram,SOHO Signature,"Tanya produk lain (di luar SOHO/hunian), balas 'Ok' setelah diklarifikasi",✅,[Ended by sales at 25-Sep-26 01:03 WIB]
171,"17-Sep-26, 12:09",G.Arifah,82393489548,First Contact,Cold,Kadek Bayu Permana Putra,"17-Sep-26, 12:16",0:07:26,0:00:13,Instagram,SOHO Signature,"Minat SOHO, sales FU 1x, belum ada respon cust",❌,[Ended by sales at 23-Sep-26 03:36 WIB]
172,"17-Sep-26, 8:02",J,81218116856,Follow Up,Warm,Fitriyani Dewi,"17-Sep-26, 8:03",0:00:29,0:00:29,Google,Apartemen LP2,"Jessica: dapat harga 2BR 2,2M, ditanya huni/invest",✅,
173,"17-Sep-26, 7:49",Bantuan Aan,85263574074,First Contact,Cold,Kadek Bayu Permana Putra,"17-Sep-26, 7:50",0:14:12,0:00:42,Instagram,Apart Kampus,"Minat info, sales FU 1x, belum ada respon cust",❌,[Ended by sales at 22-Sep-26 04:50 WIB]
174,"17-Sep-26, 6:48",LEGAL STATION CENTER,87878580668,First Contact,Cold,Ditto Zulfikar Junaedi,"17-Sep-26, 7:49",1:10:59,0:01:14,Instagram,SOHO Signature,"Minat SOHO, sales FU 1x tanya lokasi, belum ada respon cust",❌,
175,"17-Sep-26, 6:37",Ibu Eri,81385161312,Cari Sewa,Junk,Fitriyani Dewi,"17-Sep-26, 6:38",0:00:20,0:00:20,Google,Apartemen LP3,"Mau sewa studio 1-2 bulan, diarahkan minimal 1 tahun",,
176,"17-Sep-26, 0:44",Jikri,89687982405,First Contact,Cold,Kadek Bayu Permana Putra,"17-Sep-26, 0:45",0:05:22,0:00:50,Instagram,SOHO Signature,"Minat SOHO, sales FU 1x, belum ada respon cust",❌,[Ended by sales at 24-Sep-26 22:37 WIB]
177,"16-Sep-26, 22:58",Charles Tinangon,81344585993,First Contact,Cold,Ira Rosdiana,"16-Sep-26, 22:58",0:02:39,0:00:29,Instagram,SOHO Signature,"Minat SOHO, sales FU 1x tanya office/hunian, belum ada respon cust",❌,
178,"16-Sep-26, 19:32",La,83866047185,Follow Up,Cold,Kadek Bayu Permana Putra,"16-Sep-26, 19:32",0:05:19,0:00:21,Instagram,Apart Kampus,"Wila: kasih nama, belum lanjut respon detail",✅,[Ended by sales at 17-Sep-26 15:20 WIB]
179,"16-Sep-26, 19:26",Galuh,88989959208,Follow Up,Warm,Ira Rosdiana,"16-Sep-26, 19:27",0:03:06,0:00:41,Instagram,Loft Living View,"Dari Surabaya, ditanya invest/huni pribadi",✅,[Ended by sales at 24-Sep-26 13:01 WIB]
180,"16-Sep-26, 14:32",Jayro18,59176325236,Follow Up,Visited,Yulia Eunike,"16-Sep-26, 14:33",0:00:47,0:01:42,Google,Apartemen LP3,"Expat yang mau huni, tidak menetap lama, jadi mau sewa, pemain bola",✅,
181,"16-Sep-26, 13:11",Felica,61422958182,First Contact,Cold,Kadek Bayu Permana Putra,"16-Sep-26, 13:11",0:00:18,0:00:18,Instagram,Apart Kampus,"Kak Feli: minat info, sales FU 2x, belum ada respon cust",❌,[Ended by sales at 23-Sep-26 03:37 WIB]
182,"16-Sep-26, 13:01",Reni,82231767458,Strangers,Junk,Ditto Zulfikar Junaedi,"16-Sep-26, 13:01",0:00:00,0:00:00,Not Detected,Not Detected,"Salah nomor, kira nomor resto Ta Hwa Yuan",,
183,"16-Sep-26, 12:18",Michael Pasaribu,82112924434,First Contact,Cold,Ira Rosdiana,"16-Sep-26, 12:19",0:02:39,0:00:36,Instagram,SOHO Signature,"Minat SOHO, sales FU 3x, belum ada respon cust",❌,[Ended by sales at 25-Sep-26 20:48 WIB]
184,"16-Sep-26, 8:09",Right Translation Service,85692526395,First Contact,Cold,Kadek Bayu Permana Putra,"16-Sep-26, 8:10",0:00:28,0:00:28,Instagram,SOHO Signature,"Minat SOHO, sales FU 2x, belum ada respon cust",❌,[Ended by sales at 22-Sep-26 04:52 WIB]
185,"16-Sep-26, 7:59",DVMYN,DM Instagram,First Contact,Cold,Kadek Bayu Permana Putra,"16-Sep-26, 8:00",0:07:59,0:00:41,Instagram,DM Instagram,"Kirim video gagal upload, belum ada respon cust",❌,[Ended by sales at 18-Sep-26 18:34 WIB]
186,"16-Sep-26, 7:55",Devi,89662149996,Strangers,Junk,Kadek Bayu Permana Putra,"16-Sep-26, 7:55",0:00:00,0:00:00,Not Detected,Not Detected,Chat tidak relevan mau rsvd Ta Hwa Yuan,,
187,"16-Sep-26, 7:47",I'm Possible,85883842234,First Contact,Cold,Yulia Eunike,"16-Sep-26, 7:49",0:04:25,0:02:12,Instagram,Loft Living View,"Minat Loft Living, dikirim e-brosur, belum ada respon cust",❌,
188,"15-Sep-26, 16:19",beloved,85697810875,First Contact,Cold,Fitriyani Dewi,"15-Sep-26, 16:20",0:00:13,0:00:13,Instagram,Apart & WLB,"Minat apartemen, sales FU 1x, belum ada respon cust",❌,[Ended by sales at 24-Sep-26 16:14 WIB]
189,"15-Sep-26, 15:29",Hw,87785670007,First Contact,Cold,Ira Rosdiana,"15-Sep-26, 15:30",0:00:45,0:00:45,Instagram,Loft Living View,"Minat Loft Living, sales FU 2x, belum ada respon cust",❌,[Ended by sales at 26-Sep-26 18:09 WIB]
190,"15-Sep-26, 15:03",.,85697156692,First Contact,Cold,Kadek Bayu Permana Putra,"15-Sep-26, 15:03",0:00:15,0:00:14,Instagram,SOHO Signature,"Minat SOHO, sales FU 1x, belum ada respon cust",❌,[Ended by sales at 23-Sep-26 03:37 WIB]
191,"15-Sep-26, 14:21",Tin,89501255015,First Contact,Cold,Ditto Zulfikar Junaedi,"15-Sep-26, 14:24",0:02:47,0:00:24,Instagram,SOHO Signature,"Minat SOHO, sales FU 2x, belum ada respon cust",❌,
192,"15-Sep-26, 12:45",Inzaghi,81211143498,First Contact,Cold,Fitriyani Dewi,"15-Sep-26, 12:48",0:02:46,0:00:07,Instagram,Loft Living View,"Minat Loft Living, sales FU 2x, belum ada respon cust",❌,[Ended by sales at 25-Sep-26 19:43 WIB]
193,"15-Sep-26, 12:23",Imrann,85721678812,First Contact,Cold,Kadek Bayu Permana Putra,"15-Sep-26, 12:26",0:03:12,0:00:40,Instagram,SOHO Signature,"Minat SOHO, sales FU 1x, belum ada respon cust",❌,[Ended by sales at 22-Sep-26 04:50 WIB]
194,"15-Sep-26, 11:43",nada,85117173166,Follow Up,Prospect,Yulia Eunike,"15-Sep-26, 11:49",0:05:43,0:01:05,Google,Website,"Unit AP-A 69,81sqm tersedia, diundang survey Rabu 16 Sept",✅,
195,"15-Sep-26, 11:34",reznrr,82110802302,Cari Sewa,Junk,Kadek Bayu Permana Putra,"15-Sep-26, 11:34",0:00:00,0:00:00,Not Detected,Not Detected,"Mahasiswa UMN, cari lokasi shooting film, minta PL sewa & minta visit",,
196,"15-Sep-26, 10:58",Babydut,83189242343,First Contact,Cold,Ditto Zulfikar Junaedi,"15-Sep-26, 11:01",0:03:08,0:00:20,Instagram,Apart Kampus,"Minat info, sales FU 2x, belum ada respon cust",❌,[Ended by sales at 28-Sep-26 16:55 WIB]
197,"15-Sep-26, 9:51",Huda,887437050560,First Contact,Cold,Fitriyani Dewi,"15-Sep-26, 9:54",0:02:57,0:00:20,Instagram,Apart Kampus,"Minat info, sales FU 3x, belum ada respon cust",❌,[Ended by sales at 25-Sep-26 19:44 WIB]
198,"15-Sep-26, 0:58",Alfredi,81372855990,Follow Up, Visited,Kadek Bayu Permana Putra,"15-Sep-26, 2:20",0:07:35,0:00:24,Not Detected,Not Detected,"Minat SHG cicilan oke, tapi perlu disksui dengan direksi lain karna mau RUPS dlu akhir oktober",✅,[Ended by sales at 21-Sep-26 21:54 WIB]
199,"15-Sep-26, 0:10",Jessie,82128231348,First Contact,Cold,Kadek Bayu Permana Putra,"15-Sep-26, 0:10",0:00:21,0:00:21,Instagram,Apart Kampus,"Minat info, sales FU 1x, belum ada respon cust",❌,[Ended by sales at 19-Sep-26 18:18 WIB]
200,"15-Sep-26, 0:07",Jack スノト,8125612700,Follow Up,Prospect,Ira Rosdiana,"15-Sep-26, 0:28",0:05:18,0:00:46,Instagram,SOHO Signature,"Jadwal visit hari Minggu, harga 155sqm 5M & 304sqm 9,8M",✅,
201,"14-Sep-26, 22:36",Berli,87878740395,Strangers,Junk,Fitriyani Dewi,"15-Sep-26, 8:49",0:04:58,0:00:18,Not Detected,Not Detected,"Salah nomor, kira nomor resto Ta Hwa Yuan",,
202,"14-Sep-26, 22:22",ayusita,85971707619,First Contact,Cold,Ditto Zulfikar Junaedi,"14-Sep-26, 22:22",0:00:26,0:00:26,Instagram,Apart Kampus,"Minat info, sales FU 1x, belum ada respon cust",❌,[Ended by sales at 28-Sep-26 16:54 WIB]
203,"14-Sep-26, 17:10",Jovanie Lim,81266167700,First Contact,Cold,Yulia Eunike,"14-Sep-26, 17:12",0:01:28,0:01:28,Instagram,Apart Kampus,"Minat info, sales FU 4x, belum ada respon cust",❌,
204,"14-Sep-26, 16:48",Dhiyaul Haq,85719035967,First Contact,Cold,Fitriyani Dewi,"14-Sep-26, 16:50",0:02:32,0:00:24,Instagram,Apart Kampus,"Minat info, sales FU 4x, belum ada respon cust",❌,[Ended by sales at 25-Sep-26 19:43 WIB]
205,"14-Sep-26, 16:20",Kenny Adinugroho,8118303024,First Contact,Cold,Kadek Bayu Permana Putra,"14-Sep-26, 16:20",0:00:22,0:00:22,Instagram,SOHO Signature,"Minat SOHO, sales FU 3x, belum ada respon cust",❌,[Ended by sales at 22-Sep-26 04:52 WIB]
206,"14-Sep-26, 16:12",Della Adhiani,89696046380,First Contact,Cold,Ditto Zulfikar Junaedi,"14-Sep-26, 16:15",0:02:59,0:00:13,Instagram,SOHO Signature,"Minat SOHO, sales FU 2x, belum ada respon cust",❌,
207,"14-Sep-26, 16:02",MasHadi Primatam4,8111110028,First Contact,Cold,Fitriyani Dewi,"14-Sep-26, 16:05",0:03:04,0:00:18,Instagram,SOHO Signature,"Minat SOHO, sales FU 4x, belum ada respon cust",❌,[Ended by sales at 29-Sep-26 11:13 WIB]
208,"14-Sep-26, 15:31",bagas.,85775301259,First Contact,Cold,Kadek Bayu Permana Putra,"14-Sep-26, 15:31",0:00:25,0:00:24,Instagram,Apart Kampus,"Minat info, sales FU 2x, belum ada respon cust",❌,[Ended by sales at 17-Sep-26 19:08 WIB]
209,"14-Sep-26, 12:58",Claudius B,82111392084,First Contact,Cold,Ditto Zulfikar Junaedi,"14-Sep-26, 13:01",0:03:06,0:00:50,Instagram,SOHO Signature,"Minat SOHO, sales FU 2x, belum ada respon cust",❌,
210,"14-Sep-26, 12:57",Lusia Djong,87771599225,Strangers,Junk,Kadek Bayu Permana Putra,"14-Sep-26, 12:57",0:00:12,0:00:12,Not Detected,Not Detected,"Salah nomor, kira nomor resto Ta Hwa Yuan",,
211,"14-Sep-26, 12:36",MufiStore Kaos Custom,82327803457,First Contact,Cold,Fitriyani Dewi,"14-Sep-26, 12:36",0:00:17,0:00:17,Instagram,SOHO Signature,"Minat SOHO, sales FU 3x, belum ada respon cust",❌,[Ended by sales at 29-Sep-26 11:13 WIB]
212,"14-Sep-26, 12:31",Cia Ardiansyah,82236325905,Cari Sewa,Junk,Fitriyani Dewi,"14-Sep-26, 12:52",0:21:04,0:00:25,Google,Website,Minta PL sewa bulanan/tahunan 1BR,,
213,"14-Sep-26, 12:07",Winna,81288960815,Strangers,Junk,Fitriyani Dewi,"14-Sep-26, 12:21",0:13:54,0:00:17,Not Detected,Not Detected,"Salah nomor, kira nomor resto (soft opening, jam buka, diskon)",,
214,"14-Sep-26, 11:22",Jenny Theng,81994852768,Strangers,Junk,Kadek Bayu Permana Putra,"14-Sep-26, 11:22",0:14:12,0:00:20,Not Detected,Not Detected,"Salah nomor, tanya lokasi resto (sesi 1 dari 2)",,
215,"14-Sep-26, 10:56",MasyaAllah,87771229771,Follow Up,Prospect,Ditto Zulfikar Junaedi,"14-Sep-26, 14:57",0:03:13,0:00:26,Instagram,SOHO Signature,"Bu Rita: SOHO 6 karyawan, harga 2,6M, akan atur jadwal show unit",✅,
216,"14-Sep-26, 9:36",AG,87790063666,First Contact,Cold,Fitriyani Dewi,"14-Sep-26, 9:50",0:14:08,0:00:23,Instagram,Loft Living View,"Minat Loft Living, sales FU 4x, belum ada respon cust",❌,[Ended by system at 28-Sep-26 08:34 WIB]
217,"14-Sep-26, 9:33",ALEX HAN,81380778077,Over Budget,Junk,Yulia Eunike,"14-Sep-26, 9:42",0:09:43,0:00:53,Google,Website,"Minta PL apartemen, dapat harga, lalu 'sorry pak budget nya gak masuk'",,
218,"14-Sep-26, 8:15",Dimas SamidunZ,81808081821,First Contact,Cold,Kadek Bayu Permana Putra,"14-Sep-26, 8:34",0:18:20,0:00:26,Instagram,SOHO Signature,"Minat SOHO, sales FU 2x, belum ada respon cust",❌,[Ended by sales at 17-Sep-26 19:08 WIB]
219,"14-Sep-26, 2:00",canpi,87821956628,Follow Up,Warm,Fitriyani Dewi,"14-Sep-26, 8:28",2:44:31,0:00:00,Instagram,SOHO Signature,"Rifaldi: minat invest SOHO, aktif respon multi-hari",✅,
220,"13-Sep-26, 22:28",hazel,83135066376,First Contact,Cold,Ira Rosdiana,"13-Sep-26, 22:29",0:00:51,0:00:51,Instagram,SOHO Signature,"Minat SOHO, sales FU 1x, belum ada respon cust",❌,[Ended by system at 25-Sep-26 13:49 WIB]
221,"13-Sep-26, 21:26",Zoma by.U,85196482397,Follow Up,Warm,Kadek Bayu Permana Putra,"13-Sep-26, 21:27",0:00:18,0:00:18,Instagram,SOHO Signature,"Minat SOHO, dapat harga 2-5M & brosur",✅,[Ended by sales at 17-Sep-26 15:13 WIB]
222,"13-Sep-26, 21:26",Novia - 23,85770240858,Follow Up,Visited,Ditto Zulfikar Junaedi,"13-Sep-26, 21:35",0:07:43,0:00:27,Tiktok,Tiktok,"Minat SH untuk kantor administrasni bisnis alkohol, compare ruko (Source Leads https://vt.tiktok.com/ZSqHtYVpR/)",✅,[Ended by sales at 20-Sep-26 21:39 WIB]
223,"13-Sep-26, 20:10",DVJ,82111386831,First Contact,Cold,Ditto Zulfikar Junaedi,"13-Sep-26, 20:30",0:19:53,0:01:28,Instagram,Apart Kampus,"Minat info, sales FU 1x, belum ada respon cust",❌,
224,"13-Sep-26, 19:31",Pay,895365141738,First Contact,Cold,Kadek Bayu Permana Putra,"13-Sep-26, 19:39",0:07:25,0:00:26,Instagram,Apart Kampus,"Minat info, sales FU 1x, belum ada respon cust",❌,[Ended by sales at 18-Sep-26 14:24 WIB]
225,"13-Sep-26, 19:04",feliks adhitama,81338724661,Follow Up,Warm,Ira Rosdiana,"13-Sep-26, 19:03",0:00:43,0:00:43,Google,Website,"2BR, dapat harga & brosur, ditawari private viewing",✅,
226,"13-Sep-26, 17:35",sal,83815405233,First Contact,Cold,Fitriyani Dewi,"13-Sep-26, 17:39",0:03:12,0:00:58,Instagram,Apart Kampus,"Minat info, sales FU 1x, belum ada respon cust",❌,[Ended by sales at 21-Sep-26 08:31 WIB]
227,"13-Sep-26, 17:23",Alda,81546866442,Follow Up,Warm,Ira Rosdiana,"13-Sep-26, 17:23",0:00:57,0:00:57,Google,Website,"Minat SOHO, dapat harga per size & katalog, ditawari private viewing",✅,
228,"13-Sep-26, 16:59",Faisal Nugraha,81324580117,Follow Up,Warm,Kadek Bayu Permana Putra,"13-Sep-26, 16:56",0:00:16,0:00:16,Google,Website,"Dibuatkan simulasi cicilan detail (tenor 15th, cicilan 13jt)",✅,[Ended by sales at 19-Sep-26 18:20 WIB]
229,"13-Sep-26, 16:35",Ryan,81282794013,Follow Up,Cold,Ditto Zulfikar Junaedi,"13-Sep-26, 16:36",0:00:15,0:00:15,Instagram,Apart Kampus,Cust balas lalu 'Maaf gajadi',✅,[Ended by sales at 13-Sep-26 19:11 WIB]
230,"13-Sep-26, 13:46",Evita Febriyanti,85966466216,Follow Up,Cold,Fitriyani Dewi,"13-Sep-26, 13:49",0:02:59,0:00:16,Google,Website,"Tanya Lifestyle Ground, balas singkat 'Hunian'",✅,
231,"13-Sep-26, 12:39",Jun 郭,85121178717,Strangers,Junk,Ira Rosdiana,"13-Sep-26, 12:40",0:01:35,0:01:35,Not Detected,Not Detected,"Booking resto, sadar 'salah chat', tidak relevan",,
232,"13-Sep-26, 12:15",Natalia Vanessa,811821996,Strangers,Junk,Kadek Bayu Permana Putra,"13-Sep-26, 12:16",0:00:45,0:00:44,Not Detected,Not Detected,"Tanya reservasi resto Ta Hwa Yuan, tidak relevan dgn properti",,
233,"13-Sep-26, 11:33",Kaleb,81806087602,Strangers,Junk,Ditto Zulfikar Junaedi,"13-Sep-26, 11:33",0:00:00,0:00:00,Not Detected,Not Detected,"Tanya jam buka resto, tidak relevan dgn properti",,
234,"13-Sep-26, 11:00",Leny Mudiarti,81289857308,Strangers,Junk,Ditto Zulfikar Junaedi,"13-Sep-26, 11:00",0:00:19,0:00:19,Not Detected,Not Detected,"Tanya reservasi resto Tah Wa Yuan, tidak relevan dgn properti",,
235,"13-Sep-26, 10:55",Charlie,89520001349,Follow Up,Warm,Yulia Eunike,"13-Sep-26, 10:55",1:05:08,0:01:48,Instagram,SOHO Signature,"Tanya cicilan tanpa KPA, cicil ke developer 6x/6bulan",✅,
236,"13-Sep-26, 10:01",ARIL,89668726269,First Contact,Cold,Kadek Bayu Permana Putra,"13-Sep-26, 10:08",0:07:03,0:00:18,Instagram,Apart Kampus,"Minat info, sales FU 1x, belum ada respon cust",❌,[Ended by sales at 17-Sep-26 22:14 WIB]
237,"13-Sep-26, 7:10",xxnzm,83192631729,Follow Up,Cold,Ditto Zulfikar Junaedi,"13-Sep-26, 7:46",0:35:03,0:01:05,Instagram,Apart Kampus,Cust balas lalu ngaku 'kepencet min',✅,[Ended by sales at 13-Sep-26 11:54 WIB]
238,"13-Sep-26, 6:50",JR,81398617739,First Contact,Cold,Fitriyani Dewi,"13-Sep-26, 7:45",0:55:58,0:01:48,Instagram,SOHO Signature,"Minat SOHO, sales FU 3x, belum ada respon cust",✅,[Ended by sales at 25-Sep-26 12:37 WIB]
239,"13-Sep-26, 4:07",jeniamalia44,89653840009,First Contact,Cold,Kadek Bayu Permana Putra,"13-Sep-26, 4:07",0:00:00,0:00:00,Not Detected,Not Detected,"Chat 'Mlm' doang, belum ada respon sales (sesi 1 dari 2)",❌,[Ended by sales at 13-Sep-26 22:20 WIB]
240,"13-Sep-26, 4:04",kuk,895621548368,First Contact,Cold,Fitriyani Dewi,"13-Sep-26, 7:29",3:25:02,0:00:20,Google,Website,"Minta info dari Google, sales FU 3x, belum ada respon cust",✅,[Ended by sales at 21-Sep-26 15:28 WIB]
241,"13-Sep-26, 1:55",Pdd,81281238889,Follow Up,Cold,Kadek Bayu Permana Putra,"13-Sep-26, 2:08",0:12:30,0:00:44,Not Detected,Not Detected,"Minta PL loft apt, dapat harga mulai 2M",✅,[Ended by sales at 16-Sep-26 19:01 WIB]
242,"13-Sep-26, 0:28",OSIS//elmira aklidisa,82111924354,First Contact,Cold,Fitriyani Dewi,"13-Sep-26, 6:30",2:19:26,0:00:00,Instagram,Apart Kampus,"Minat info, sales FU 3x, belum ada respon cust",✅,[Ended by sales at 21-Sep-26 15:27 WIB]
243,"12-Sep-26, 18:34",vy,8984309696,First Contact,Cold,Kadek Bayu Permana Putra,"12-Sep-26, 18:50",0:16:32,0:00:24,Instagram,Apart Kampus,"Minat info, sales FU 1x, belum ada respon cust",❌,[Ended by sales at 17-Sep-26 22:14 WIB]
244,"12-Sep-26, 17:51",Natni,85821717487,Follow Up,Warm,Fitriyani Dewi,"12-Sep-26, 17:51",0:00:19,0:00:19,Google,Website,"Tania: unit AP-B 72,42sqm, dapat harga 2,3M & promo",✅,
245,"12-Sep-26, 14:08",Stenly Steven,87730578488,Buyer,Junk,Kadek Bayu Permana Putra,"12-Sep-26, 14:36",0:06:42,0:02:02,Not Detected,Not Detected,"Handover unit milik ayahnya, tanya proses serah terima (2 sesi chat lanjutan tgl 13)",,
246,"12-Sep-26, 13:28",bismillah,85781257684,Strangers,Junk,Ditto Zulfikar Junaedi,"12-Sep-26, 13:40",0:11:44,0:00:12,Instagram,SOHO Signature,Trolling bahasa ('ga ngerti Indo' lalu 'gabisa Inggris'),,
247,"12-Sep-26, 12:06",Lilye,895393340200,Follow Up,Warm,Yulia Eunike,"12-Sep-26, 12:09",0:02:50,0:00:45,Instagram,SOHO Signature,"Tanya harga & cicilan, minta info apart+loft, dapat brosur",✅,
248,"12-Sep-26, 11:20",Dira,81229967078,First Contact,Cold,Fitriyani Dewi,"12-Sep-26, 11:20",0:00:08,0:00:08,Instagram,Apart Kampus,"Minat info, sales FU 4x, belum ada respon cust",✅,[Ended by sales at 21-Sep-26 15:26 WIB]
249,"12-Sep-26, 9:34",Gde B,81808803808,Follow Up,Prospect,Ditto Zulfikar Junaedi,"12-Sep-26, 9:35",0:05:02,0:00:15,Instagram,SOHO Signature,"Cicilan 26jt/20th unit 144sqm, setuju arrange tim untuk visit",✅,
250,"12-Sep-26, 6:29",Joyce,81289721377,First Contact,Cold,Fitriyani Dewi,"12-Sep-26, 7:44",1:14:35,0:00:20,Instagram,Loft Living View,"Minat Loft Living, sales FU 4x, belum ada respon cust",✅,[Ended by sales at 21-Sep-26 15:24 WIB]
251,"12-Sep-26, 4:35",19,85191435080,Follow Up,Cold,Fitriyani Dewi,"12-Sep-26, 7:54",3:18:43,0:00:16,Instagram,SOHO Signature,"Balas 'Ohh ok' singkat, tidak lanjut jawab kebutuhan huni/invest",✅,[Ended by sales at 21-Sep-26 15:25 WIB]
252,"11-Sep-26, 23:10",kok,8211979252,Follow Up,Cold,Ditto Zulfikar Junaedi,"11-Sep-26, 23:11",0:00:11,0:00:11,Instagram,Apart Kampus,Aku coba liat2 dulu yah kak',✅,[Ended by sales at 28-Sep-26 16:58 WIB]
253,"11-Sep-26, 23:01",Penn,87896542404,Cari Sewa,Junk,Kadek Bayu Permana Putra,"11-Sep-26, 23:01",0:00:00,0:00:00,Not Detected,Not Detected,"Tanya tipe studio & sewa perbulan, belum ada respon sales",,
254,"11-Sep-26, 21:56",JSBRdisa,81285132727,First Contact,Cold,Ditto Zulfikar Junaedi,"11-Sep-26, 22:01",0:05:00,0:00:28,Instagram,Apart Kampus,"Minat info, sales FU 3x, belum ada respon cust",❌,
255,"11-Sep-26, 19:38",tdkdkthui,88215923510,First Contact,Cold,Kadek Bayu Permana Putra,"11-Sep-26, 19:43",0:04:49,0:00:24,Instagram,Apart Kampus,"Minat info, sales FU 1x, belum ada respon cust",❌,[Ended by sales at 13-Sep-26 10:17 WIB]
256,"11-Sep-26, 19:34",E,82289427392,Strangers,Junk,Ira Rosdiana,"11-Sep-26, 19:35",0:01:00,0:01:00,Instagram,SOHO Signature,"Kirim spam DP motor, tidak relevan",,
257,"11-Sep-26, 18:48",Andrie Riomalen,82319592880,First Contact,Cold,Fitriyani Dewi,"11-Sep-26, 18:51",0:03:00,0:00:55,Google,Website,"Minta pricelist dari Google, sales FU 4x, belum ada respon cust",✅,[Ended by sales at 21-Sep-26 15:23 WIB]
258,"11-Sep-26, 18:01",Eko Eks Sungai Penuh,81287533143,Follow Up,Cold,Kadek Bayu Permana Putra,"11-Sep-26, 18:06",0:05:34,0:00:48,Google,Website,"Unit AP-A 69,81sqm, harga 2M cicilan 10jt - cust TIDAK LANJUT respon setelahnya, sales kirim penutup",✅,[Ended by sales at 15-Sep-26 17:08 WIB]
259,"11-Sep-26, 16:50",Sonya Stevana,81219893286,First Contact,Cold,Ira Rosdiana,"11-Sep-26, 16:53",0:02:30,0:00:19,Instagram,SOHO Signature,"Minat SOHO, sales FU 4x, belum ada respon cust",❌,
260,"11-Sep-26, 16:35",elyn,85894088450,Cari Sewa,Junk,Sarah Safira Firdais,"11-Sep-26, 16:35",0:00:00,0:00:00,Google,Website,Mau sewa 2BR utk kuliah,,
261,"11-Sep-26, 14:53",Yanto LUCAS,81514360191,Strangers,Junk,Kadek Bayu Permana Putra,"11-Sep-26, 15:10",0:17:06,0:00:53,Google,Website,"Cuma nanya nomor telfon resto dimsum, bukan soal properti",,
262,"11-Sep-26, 14:21",Hari Bowo,87871544509,Follow Up,Warm,Yulia Eunike,"11-Sep-26, 15:25",0:01:42,0:01:42,Instagram,SOHO Signature,"Spesifik tanya unit SHP-H (sold), furniture & unit ready-to-use",✅,
263,"11-Sep-26, 14:05",Sri Mulyaningsih,8111704121,Cari Sewa,Junk,Ira Rosdiana,"11-Sep-26, 14:09",0:04:04,0:01:12,Not Detected,Not Detected,"Mau sewa harian, ditolak (min 1 tahun), 'belum mb terimakasih'",,
264,"11-Sep-26, 13:04",😘💕🥰🤎,85893070356,First Contact,Cold,Sarah Safira Firdais,"11-Sep-26, 13:05",0:00:14,0:00:14,Instagram,SOHO Signature,"Minat SOHO (kirim 2x), sales FU 1x, belum ada respon cust",❌,[Ended by sales at 13-Sep-26 10:21 WIB]
265,"11-Sep-26, 10:55",fiorentinaskr,88291015538,First Contact,Cold,Kadek Bayu Permana Putra,"11-Sep-26, 11:04",0:08:47,0:01:28,Instagram,Apart Kampus,"Minat info, sales FU 3x, belum ada respon cust",❌,[Ended by sales at 16-Sep-26 16:59 WIB]
266,"11-Sep-26, 10:11",Sylvia Agustina,8159138446,Follow Up,Warm,Fitriyani Dewi,"11-Sep-26, 10:11",0:00:20,0:00:20,Google,Website,"Invest aja', dapat harga hunian 2,2M / office 2,8M & brosur",✅,[Ended by sales at 25-Sep-26 09:28 WIB]
267,"11-Sep-26, 7:48",Val,82140630156,Follow Up,Warm,Sarah Safira Firdais,"11-Sep-26, 8:00",0:11:32,0:00:20,Instagram,SOHO Signature,"Valentina: tanya start price & minta katalog, dapat harga 2-10M",✅,[Ended by sales at 16-Sep-26 16:31 WIB]
268,"11-Sep-26, 6:57",.,87889509458,Follow Up,Cold,Sarah Safira Firdais,"11-Sep-26, 6:59",0:00:00,23:34:04,Google,Website,"Evan: minta brosur & ukuran, tapi TIDAK LANJUT respon setelah ditanya huni/invest",✅,[Ended by sales at 16-Sep-26 08:50 WIB]
269,"10-Sep-26, 23:03",Remina_Papua_Jayapura,8215095064,First Contact,Cold,Kadek Bayu Permana Putra,"10-Sep-26, 23:03",0:00:25,0:00:25,Instagram,Apart Kampus,"Minat info, sales FU 3x, belum ada respon cust",❌,[Ended by sales at 16-Sep-26 16:57 WIB]
270,"10-Sep-26, 16:38",𝒱𝒶𝒶,82199546134,First Contact,Cold,Ditto Zulfikar Junaedi,"10-Sep-26, 16:41",0:02:54,0:00:16,Instagram,Apart Kampus,"Minat info, sales FU 2x, belum ada respon cust",❌,[Ended by sales at 28-Sep-26 16:58 WIB]
271,"10-Sep-26, 14:37",AffitrianyR,81323910616,First Contact,Cold,Ira Rosdiana,"10-Sep-26, 14:40",0:03:08,0:00:22,Instagram,SOHO Signature,"Minat SOHO, sales FU 2x, belum ada respon cust",❌,
272,"10-Sep-26, 14:08",Kevin 🇮🇩,81541277051,First Contact,Cold,Sarah Safira Firdais,"10-Sep-26, 14:10",0:01:25,0:01:25,Instagram,SOHO Signature,"Minat SOHO, sales FU 1x (sempat gagal kirim), belum ada respon cust",❌,[Ended by sales at 16-Sep-26 10:01 WIB]
273,"10-Sep-26, 12:54",Eric Irawan,8128566308,First Contact,Cold,Fitriyani Dewi,"10-Sep-26, 12:54",0:00:14,0:00:14,Google,Website,"Minta brosur SOHO dari Google, sales FU 1x, belum ada respon cust",✅,[Ended by sales at 25-Sep-26 08:38 WIB]
274,"10-Sep-26, 11:55",SIM2,82211037926,Follow Up,Warm,Sarah Safira Firdais,"10-Sep-26, 11:56",0:00:00,0:51:18,Instagram,SOHO Signature,"Pak Halim, tanya kapasitas, ukuran, harga (2-10M) & layout SOHO",✅,[Ended by sales at 12-Sep-26 10:44 WIB]
275,"10-Sep-26, 10:41",Yus,82115590154,Follow Up,Warm,Kadek Bayu Permana Putra,"10-Sep-26, 10:43",0:01:39,0:01:39,Instagram,SOHO Signature,"SOHO 4 karyawan, dikirim layout, masih collect data blm survey",✅,[Ended by sales at 13-Sep-26 10:09 WIB]
276,"10-Sep-26, 10:40",Chen,81991999059,Follow Up,Cold,Ditto Zulfikar Junaedi,"10-Sep-26, 10:45",0:00:27,0:00:27,Instagram,SOHO Signature,"Awalnya bilang harga 'mahal', lalu berulang kali tanya harga sewa (studio, 1BR)",✅,[Ended by sales at 10-Sep-26 15:49 WIB]
277,"10-Sep-26, 9:25",Zaed,818712456,Follow Up,Warm,Yulia Eunike,"10-Sep-26, 9:32",0:07:21,0:00:18,Instagram,SOHO Signature,"Tanya proses KPA/cicilan developer, ruang usaha 3 karyawan, dapat promo PPN DTP 220jt",✅,
278,"10-Sep-26, 9:09",Deriandra Shifani Latifa,81221685575,Cari Sewa,Junk,Ditto Zulfikar Junaedi,"10-Sep-26, 9:10",0:00:49,0:00:49,Google,Website,"Cari sewa apartemen full furnish 2 kamar, diarahkan ke info pembelian saja",,
279,"10-Sep-26, 6:50",Ariel W,811224844,Follow Up,Warm,Yulia Eunike,"10-Sep-26, 6:53",0:03:17,0:00:31,Instagram,SOHO Signature,"Minat Loft Living & Apartment, tanya ready stok, dikirim brosur",✅,
280,"10-Sep-26, 6:44",F,8118799689,First Contact,Cold,Fitriyani Dewi,"10-Sep-26, 6:47",0:03:18,0:00:48,Instagram,Apart & WLB,"Minat apartemen, sales FU 2x, belum ada respon cust",✅,[Ended by sales at 17-Sep-26 08:55 WIB]
281,"09-Sep-26, 20:32",yanto,85893013118,Strangers,Junk,Kadek Bayu Permana Putra,"09-Sep-26, 20:32",0:00:00,0:00:00,Instagram,SOHO Signature,Chat tidak jelas,,
282,"09-Sep-26, 17:40",a,85710715941,Strangers,Junk,Kadek Bayu Permana Putra,"09-Sep-26, 17:40",0:00:00,0:00:00,Instagram,Apart & WLB,"Chat 'Gada' doang, belum ada respon sales",,
283,"09-Sep-26, 14:34",Bashar Wannous,85212106558,Cari Sewa,Junk,Kadek Bayu Permana Putra,"09-Sep-26, 14:35",0:00:22,0:00:22,Not Detected,Not Detected,"Cari studio utk disewa, diarahkan ke IG rental",,
284,"09-Sep-26, 13:53",Dayang Melati - Dynamic,81196911531,First Contact,Cold,Ditto Zulfikar Junaedi,"09-Sep-26, 13:56",0:02:58,0:00:30,Instagram,Apart & WLB,"Minat apartemen, sales FU 2x, belum ada respon cust",❌,[Ended by sales at 25-Sep-26 16:01 WIB]
285,"09-Sep-26, 13:43",Yessycharlotte,8176976038,Cari Sewa,Junk,Ira Rosdiana,"09-Sep-26, 13:46",0:02:31,0:00:24,Instagram,Loft Living View,Tanya apakah bisa sewa unit,,
286,"09-Sep-26, 8:52",Gema Ilham,81524661111,Follow Up,Warm,Ditto Zulfikar Junaedi,"09-Sep-26, 8:52",0:07:37,0:00:24,Instagram,Loft Living View,"Minat Loft Living 3+1 kamar (169sqm, 5,9M, sisa 2 unit), tanya pet policy & minta PL",✅,[Ended by sales at 28-Sep-26 16:59 WIB]
287,"09-Sep-26, 6:09",Contact 2104,85704135213,Follow Up,Warm,Kadek Bayu Permana Putra,"09-Sep-26, 7:26",1:17:05,0:00:28,Instagram,Apart & WLB,"Minat apartemen, langsung sebut '2BR' sebelum sales balas",✅,[Ended by sales at 13-Sep-26 10:14 WIB]
288,"08-Sep-26, 23:46",Wanda,8118499513,First Contact,Cold,Ira Rosdiana,"08-Sep-26, 23:49",0:03:05,0:00:23,Instagram,Apart & WLB,"Minat apartemen, sales FU 3x, belum ada respon cust",❌,[Ended by sales at 10-Jul-26 12:02 WIB]
289,"08-Sep-26, 21:29",RM Meiza,87885611878,First Contact,Cold,Kadek Bayu Permana Putra,"08-Sep-26, 21:39",0:09:34,0:00:27,Instagram,Apart & WLB,"Minat apartemen, sales FU 3x, belum ada respon cust",❌,[Ended by sales at 14-Sep-26 11:36 WIB]
290,"08-Sep-26, 20:23",Arin Ramadhanty Alfaizah,83854531460,First Contact,Cold,Kadek Bayu Permana Putra,"08-Sep-26, 20:32",0:09:33,0:00:19,Instagram,Apart Kampus,"Minat info, sales FU 3x, belum ada respon cust",❌,[Ended by sales at 14-Sep-26 11:30 WIB]
291,"08-Sep-26, 20:03",bandarr,89699273489,First Contact,Cold,Kadek Bayu Permana Putra,"08-Sep-26, 20:12",0:09:17,0:00:28,Instagram,Apart Kampus,"Minat info, sales FU 3x, belum ada respon cust",❌,[Ended by sales at 13-Sep-26 10:16 WIB]
292,"08-Sep-26, 17:37",tmyyjfri,83177566408,Follow Up,Cold,Ditto Zulfikar Junaedi,"08-Sep-26, 17:43",0:05:19,0:00:25,Instagram,Loft Living View,"Kirim voice note 2x, minat Loft Living",✅,[Ended by sales at 08-Sep-26 17:50 WIB]
293,"08-Sep-26, 17:35",Surya,87761527160,First Contact,Cold,Ditto Zulfikar Junaedi,"08-Sep-26, 17:37",0:02:25,0:00:12,Instagram,Apart Kampus,"Minat info, sales FU 4x, belum ada respon cust",❌,[Ended by sales at 25-Sep-26 16:01 WIB]
294,"08-Sep-26, 17:23",.,88973618502,Strangers,Junk,Kadek Bayu Permana Putra,"08-Sep-26, 17:23",0:03:38,0:01:31,Instagram,Apart Kampus,"Kirim foto random, belum ada respon sales sama sekali",,
295,"08-Sep-26, 16:04",laila,81932356281,First Contact,Cold,Fitriyani Dewi,"08-Sep-26, 16:14",0:09:27,0:00:26,Instagram,Apart Kampus,"Minat info, sales FU 5x, belum ada respon cust",✅,[Ended by sales at 17-Sep-26 08:55 WIB]
296,"08-Sep-26, 11:36",Linda Ang,81515008838,Buyer,Junk,Ditto Zulfikar Junaedi,"08-Sep-26, 11:36",0:00:00,0:00:00,Not Detected,Not Detected,"Sudah beli unit, minta kontak admin utk BAST (serah terima)",,
297,"08-Sep-26, 11:30",Cryogas,82111347777,Follow Up,Warm,Ira Rosdiana,"08-Sep-26, 11:37",0:00:22,0:00:22,instagram,SOHO Signature,"Rey: tanya harga SOHO 2,4M, cicilan KPA 15th DP10%, IPL - masih planning",✅,[Ended by sales at 27-Sep-26 11:58 WIB]
298,"08-Sep-26, 10:24",nadine,82282892469,Follow Up,Warm,Fitriyani Dewi,"08-Sep-26, 10:25",0:00:32,0:00:31,Instagram,Apart Kampus,"Broadcast: tanya harga 2BR & availability Loft Living, aktif nanya",✅,[Ended by sales at 24-Sep-26 08:48 WIB]
299,"07-Sep-26, 20:31",~,87780020930,First Contact,Cold,Kadek Bayu Permana Putra,"07-Sep-26, 20:58",0:27:16,0:00:22,Instagram,Apart Kampus,"Tanya info, sales FU 1x, belum ada respon cust",❌,[Ended by sales at 11-Sep-26 19:24 WIB]
300,"07-Sep-26, 19:00",Allll,81220711365,First Contact,Cold,Kadek Bayu Permana Putra,"07-Sep-26, 19:00",0:00:38,0:00:38,Instagram,Apart & WLB,"Minat apartemen, sales FU 1x, belum ada respon cust",❌,[Ended by sales at 11-Sep-26 15:04 WIB]
301,"07-Sep-26, 18:18",secret~~~,895389050102,First Contact,Cold,Ditto Zulfikar Junaedi,"07-Sep-26, 18:28",0:09:35,0:00:12,Instagram,Apart Kampus,"Tanya info, sales FU 1x, belum ada respon cust",❌,[Ended by sales at 25-Sep-26 16:01 WIB]
302,"07-Sep-26, 18:00",liaa¹³,81383380613,First Contact,Cold,Fitriyani Dewi,"07-Sep-26, 18:21",0:21:08,0:00:26,Instagram,SOHO Signature,"Minat SOHO, sales FU 1x, belum ada respon cust",✅,[Ended by sales at 19-Sep-26 13:12 WIB]
303,"07-Sep-26, 11:47",dhina,8561937372,Jualan product,Junk,Kadek Bayu Permana Putra,"07-Sep-26, 11:47",0:00:00,0:00:00,Not Detected,Not Detected,"Vendor tawarkan interior moss wall ke sales, bukan leads properti",,
304,"07-Sep-26, 11:40",Sonny,81310202040,Follow Up,Cold,Ditto Zulfikar Junaedi,"07-Sep-26, 15:18",0:04:59,0:00:11,Instagram,Loft Living View,"Broadcast, cust balas 'Ya', dapat info Loft Living, belum lanjut detail",✅,[Ended by sales at 25-Sep-26 16:02 WIB]
305,"07-Sep-26, 10:08",Ady,8114199923,Follow Up,Warm,Fitriyani Dewi,"07-Sep-26, 11:01",0:06:58,0:00:21,Instagram,SOHO Signature,"Broadcast: butuh SOHO 15-20 karyawan, rekomendasi unit SHS-M 144sqm 4,8M, tanya pricelist",✅,[Ended by sales at 20-Sep-26 08:42 WIB]
306,"07-Sep-26, 9:39",Pratama,85878733881,First Contact,Cold,Yulia Eunike,"07-Sep-26, 15:34",0:03:53,0:01:46,Instagram,Loft Living View,"Broadcast dari sales, belum ada respon cust sama sekali",❌,[Ended by sales at 25-Sep-26 11:09 WIB]
307,"07-Sep-26, 9:19",Akif Azmi,82111157782,First Contact,Cold,Fitriyani Dewi,"07-Sep-26, 9:27",0:07:26,0:00:15,Instagram,Loft Living View,"Minat Loft Living, sales FU 4x, belum ada respon cust",✅,[Ended by sales at 17-Sep-26 08:46 WIB]
308,"07-Sep-26, 7:17",RP,8118889790,Follow Up,Cold,Yulia Eunike,"07-Sep-26, 7:52",0:34:16,0:00:31,Instagram,SOHO Signature,"Broadcast dari sales (Nike), belum ada respon cust sama sekali",✅,
309,"07-Sep-26, 7:16",Yona,81910170929,First Contact,Cold,Fitriyani Dewi,"07-Sep-26, 7:35",0:18:31,0:00:29,Instagram,SOHO Signature,"Tanya info, sales FU 3x (sempat glitch kirim ganda), belum ada respon cust",✅,[Ended by sales at 17-Sep-26 08:46 WIB]
310,"07-Sep-26, 7:05",Benedictus Egan,82124204244,First Contact,Cold,Fitriyani Dewi,"07-Sep-26, 7:21",0:16:20,0:00:28,Instagram,SOHO Signature,"Minat SOHO, sales FU 3x, belum ada respon cust",✅,[Ended by sales at 17-Sep-26 08:46 WIB]
311,"07-Sep-26, 1:54",daviiia,881012404435,Follow Up,Cold,Kadek Bayu Permana Putra,"07-Sep-26, 1:57",0:02:49,0:00:25,Instagram,Loft Living View,"Minat Loft Living, cust tanya lokasi 'bsd mn', dijawab dekat AEON Mall",✅,[Ended by sales at 10-Sep-26 14:25 WIB]
312,"07-Sep-26, 0:14",🍉🍉🍑 / Sri,85771622602,Follow Up,Visited,Ditto Zulfikar Junaedi,"07-Sep-26, 0:23",0:09:21,0:00:08,Instagram,SOHO Signature,Minat SOHO buat bisinis admin untuk kantor seafood dia,❌,
313,"07-Sep-26, 0:05",Ahmed Yousef Saeed Khalifa,81210020646,Cari Sewa,Junk,Kadek Bayu Permana Putra,"07-Sep-26, 0:15",0:09:55,0:00:52,Instagram,Loft Living View,"Tanya 'is it for rent?', diarahkan ke IG rental (@lifeatupperwest)",,
314,"06-Sep-26, 21:46",Ridha Setya Lestari,81932854787,First Contact,Cold,Kadek Bayu Permana Putra,"06-Sep-26, 22:18",0:32:05,0:00:32,Instagram,Loft Living View,"Minat Loft Living, sales FU 1x, belum ada respon cust",✅,[Ended by sales at 15-Sep-26 11:36 WIB]
315,"06-Sep-26, 21:22",Ailina Huang,DM Instagram,Strangers,Junk,Yulia Eunike,"06-Sep-26, 21:28",0:06:00,0:06:00,Instagram,DM Instagram,"Kirim video random tanpa teks/konteks, tanpa nomor telfon",,
316,"06-Sep-26, 21:01",dindoy,82174432366,First Contact,Cold,Kadek Bayu Permana Putra,"06-Sep-26, 21:07",0:06:33,0:01:51,Instagram,Apart Kampus,"Tanya info, sales FU 1x, belum ada respon cust",❌,[Ended by sales at 13-Sep-26 10:16 WIB]
317,"06-Sep-26, 20:48",Yanti Dimaja,82156736254,Follow Up,Warm,Regina Junita,"06-Sep-26, 20:57",0:09:51,0:00:27,Instagram,Apart Kampus,"Tanya harga 2BR (start 2M), ditanya upgrade/investasi",✅,[Ended by sales at 16-Sep-26 10:06 WIB]
318,"06-Sep-26, 20:41",Welly,87878363422,Follow Up,Visited,Kadek Bayu Permana Putra,"06-Sep-26, 20:53",0:12:32,0:01:15,Instagram,SOHO Signature,"Minta pricelist SOHO, aktif mau lihat-lihat",✅,[Ended by sales at 10-Sep-26 14:23 WIB]
319,"06-Sep-26, 20:23",akselken,8981231032,First Contact,Cold,Kadek Bayu Permana Putra,"06-Sep-26, 20:30",0:07:02,0:00:21,Instagram,SOHO Signature,"Minat SOHO, sales FU 1x, belum ada respon cust",❌,[Ended by sales at 13-Sep-26 10:14 WIB]
320,"06-Sep-26, 20:12",RALLZZ😝🤪,82363093686,Strangers,Junk,Kadek Bayu Permana Putra,"06-Sep-26, 20:12",0:00:00,0:00:00,Not Detected,Not Detected,"Chat 'p' doang, belum ada respon sales",,
321,"06-Sep-26, 19:56",Sulthon,895365140963,Follow Up,Cold,Kadek Bayu Permana Putra,"06-Sep-26, 19:57",0:00:31,0:00:31,Instagram,Loft Living View,"Cust balas lalu ngaku 'kepencet', tidak minat",✅,[Ended by sales at 07-Sep-26 11:10 WIB]
322,"06-Sep-26, 19:50",.,85882476730,First Contact,Cold,Regina Junita,"06-Sep-26, 19:50",0:00:20,0:00:20,Instagram,SOHO Signature,"Minat SOHO, sales FU 2x, belum ada respon cust",❌,[Ended by sales at 17-Sep-26 08:41 WIB]
323,"06-Sep-26, 17:48",Luqman,81396500200,Follow Up,Warm,Ira Rosdiana,"06-Sep-26, 17:58",0:00:24,0:00:24,Instagram,SOHO Signature,"Tanya harga 2BR (2M, KPA 13jt), sales ajak ketemu di lokasi",✅,[Ended by sales at 26-Sep-26 18:06 WIB]
324,"06-Sep-26, 17:46",noname,89689504520,Follow Up,Warm,Ditto Zulfikar Junaedi,"06-Sep-26, 20:29",0:04:56,0:00:15,Instagram,Apart & WLB,"Aktif tanya harga apartemen (2,2M) & loft living (2,4M)",✅,[Ended by sales at 25-Sep-26 16:01 WIB]
325,"06-Sep-26, 17:13",🅰️,83187547303,Follow Up,Prospect,Ditto Zulfikar Junaedi,"06-Sep-26, 17:29",0:00:13,0:00:13,Instagram,Loft Living View,Pak Aldi setuju jadwal ketemu di lokasi besok jam 4 sore,✅,[Ended by sales at 09-Sep-26 14:27 WIB]
326,"06-Sep-26, 16:48",VheVhe,82219787878,Follow Up,Cold,Yulia Eunike,"06-Sep-26, 17:23",0:03:52,0:01:06,Instagram,Loft Living View,"Balas minat Apartment, dapat e-brosur, belum lanjut detail",✅,[Ended by sales at 28-Sep-26 15:19 WIB]
327,"06-Sep-26, 16:08",Tedd,83897318494,Cari Sewa,Junk,Fitriyani Dewi,"06-Sep-26, 16:10",0:00:27,0:00:27,Google,Website,"Cari hunian buat sewa semalam, tidak tersedia harian",,
328,"06-Sep-26, 15:29",Yosua,85888815770,Follow Up,Warm,Fitriyani Dewi,"06-Sep-26, 15:27",0:00:17,0:00:17,Instagram,Loft Living View,"Aktif nego 1BR LF-B 76sqm untuk huni, cicilan 12jt/bln",✅,[Ended by sales at 17-Sep-26 08:39 WIB]
329,"06-Sep-26, 15:26",bakekok,882006850262,First Contact,Cold,Regina Junita,"06-Sep-26, 15:29",0:00:00,8:21:13,Instagram,SOHO Signature,"Minat SOHO, sales FU 2x, belum ada respon cust",❌,[Ended by sales at 20-Sep-26 12:27 WIB]
330,"06-Sep-26, 15:24",em,81517100919,Buyer,Junk,Kadek Bayu Permana Putra,"06-Sep-26, 15:42",0:18:47,0:00:15,Not Detected,Not Detected,"Sudah jadi penghuni (maura), tanya jam operasional gym",,
331,"06-Sep-26, 15:13",yhes,85319108202,First Contact,Cold,Kadek Bayu Permana Putra,"06-Sep-26, 15:13",0:00:16,0:00:16,Instagram,Loft Living View,"Minat Loft Living, sales FU 1x, belum ada respon cust",❌,[Ended by sales at 13-Sep-26 10:13 WIB]
332,"06-Sep-26, 15:11",mia,83875509493,First Contact,Cold,Regina Junita,"06-Sep-26, 15:12",0:00:00,1:38:04,Instagram,Apart & WLB,"Minat apartemen, sales FU 1x, belum ada respon cust",❌,[Ended by sales at 19-Sep-26 18:19 WIB]
333,"06-Sep-26, 14:06",Ginaro,89520249800,Over Budget,Junk,Ditto Zulfikar Junaedi,"06-Sep-26, 14:05",0:05:08,0:00:15,Instagram,Loft Living View,"Tanya sewa & unit di bawah 1M, tidak tersedia",,
334,"06-Sep-26, 13:29",A,81517011645,Follow Up,Cold,Fitriyani Dewi,"06-Sep-26, 13:29",0:00:20,0:00:20,Instagram,SOHO Signature,"Balas nama 'Abed', tidak lanjut respon",✅,[Ended by sales at 20-Sep-26 08:36 WIB]
335,"06-Sep-26, 13:11",BoBì,81273918822,Follow Up,Warm,Kadek Bayu Permana Putra,"06-Sep-26, 13:12",0:00:14,0:00:14,Instagram,Loft Living View,Minat LLF tapi makesure kompor bisa listrik atau ga,✅,[Ended by sales at 08-Sep-26 11:20 WIB]
336,"06-Sep-26, 12:20",m,85759272657,Cari Sewa,Junk,Ira Rosdiana,"06-Sep-26, 12:52",0:12:00,0:00:43,Google,Website,"Awalnya tanya harga, akhirnya tanya sewa tahunan",,
337,"06-Sep-26, 11:17",Sy,81317078441,Cari Sewa,Junk,Regina Junita,"06-Sep-26, 13:07",0:10:06,0:01:11,Google,Website,"Tanya SOHO sewa atau jual, ternyata mau sewa",,
338,"06-Sep-26, 10:37",J🌻🌿,8986152554,First Contact,Cold,Regina Junita,"06-Sep-26, 10:39",0:02:19,0:00:14,Instagram,Loft Living View,"Minat Loft Living, sales FU 2x, belum ada respon cust",❌,[Ended by sales at 20-Sep-26 12:25 WIB]
339,"06-Sep-26, 9:15",Varisha Anindita,81316049080,First Contact,Cold,Fitriyani Dewi,"06-Sep-26, 9:16",0:00:27,0:00:26,Instagram,SOHO Signature,"Minat SOHO, sales FU 5x, belum ada respon cust",✅,[Ended by sales at 19-Sep-26 13:08 WIB]
340,"06-Sep-26, 4:41",Bismillah,81112001226,Follow Up,Warm,Ditto Zulfikar Junaedi,"06-Sep-26, 10:23",2:56:15,0:00:59,Instagram,Loft Living View,"Aktif tanya 1BR Loft, dapat harga 2,4M & tanya lokasi",✅,[Ended by sales at 21-Sep-26 12:10 WIB]
341,"06-Sep-26, 4:27",rillzy,882019076455,First Contact,Cold,Kadek Bayu Permana Putra,"06-Sep-26, 8:08",3:41:12,0:00:29,Instagram,Apart Kampus,"Minat info, sales FU 1x, belum ada respon cust",❌,[Ended by sales at 13-Sep-26 10:12 WIB]
342,"06-Sep-26, 2:03",gen,8111199672,First Contact,Cold,Yulia Eunike,"06-Sep-26, 7:10",1:23:56,0:00:00,Instagram,Apart Kampus,"Tanya info, sales FU 2x, belum ada respon cust",❌,[Ended by sales at 25-Sep-26 11:47 WIB]
343,"06-Sep-26, 0:35",anunkicaumania,85773951194,Follow Up,Cold,Ditto Zulfikar Junaedi,"06-Sep-26, 0:35",3:13:35,0:00:00,Instagram,Loft Living View,"Minat Loft Living (dari Instagram ads), sempat FU sales lalu cust balas 'gajadi deh min'",✅,[Ended by sales at 06-Sep-26 09:29 WIB]
344,"05-Sep-26, 22:26",.,8161474648,Follow Up,Warm,Ditto Zulfikar Junaedi,"05-Sep-26, 22:29",0:02:25,0:00:22,Google,Website,"Ibu Yeye, minta harga & brosur, aktif tanya file (minta via GDrive)",✅,
345,"05-Sep-26, 21:25",Alkes,81188095018,Cari Sewa,Junk,Yulia Eunike,"05-Sep-26, 21:30",0:01:55,0:01:55,Not Detected,Not Detected,"Tanya sewa office & apartemen, diarahkan ke tim sewa (Ibu Mei)",,
346,"05-Sep-26, 21:24",~Sun,82111890157,First Contact,Cold,Kadek Bayu Permana Putra,"05-Sep-26, 21:29",0:04:42,0:00:24,Instagram,SOHO Signature,"Minat SOHO, sales FU 1x, belum ada respon cust",❌,[Ended by sales at 13-Sep-26 10:12 WIB]
347,"05-Sep-26, 20:46",mll,85148276198,First Contact,Cold,Ditto Zulfikar Junaedi,"05-Sep-26, 20:49",0:02:47,0:00:29,Instagram,SOHO Signature,"Minat SOHO, sales FU 2x, belum ada respon cust",❌,[Ended by sales at 13-Sep-26 19:12 WIB]
348,"05-Sep-26, 19:06",Siti Nurhasanah,85882644504,First Contact,Cold,Kadek Bayu Permana Putra,"05-Sep-26, 19:11",0:05:01,0:00:34,Google,Website,"Minta brosur dari Google, sales FU 1x, belum ada respon cust",❌,[Ended by sales at 13-Sep-26 10:12 WIB]
349,"05-Sep-26, 18:52",Ricko,85777779525,Follow Up,Visited,Ira Rosdiana,"05-Sep-26, 19:03",0:00:30,0:00:30,Instagram,SOHO Signature,"Tanya IPL, virtual office, sewa meeting; setuju jadwal private viewing lusa",✅,[Ended by sales at 23-Sep-26 15:39 WIB]
350,"05-Sep-26, 17:13","A,an_Adv indoraya lawfirm",87828870937,Over Budget,Junk,Ditto Zulfikar Junaedi,"05-Sep-26, 19:11",0:00:17,0:00:17,Instagram,SOHO Signature,"Tanya cicilan SOHO (14jt/bln), merasa berat, minta yg 5-6jt/bln",,
351,"05-Sep-26, 16:55",Santi,81231376088,Follow Up,Cold,Fitriyani Dewi,"05-Sep-26, 16:59",0:03:50,0:01:11,Instagram,Apart Kampus,"Cust balas lalu bilang 'tidak jadi, ternyata jauh'",✅,[Ended by sales at 06-Sep-26 11:21 WIB]
352,"05-Sep-26, 16:47",Rais,81384942325,First Contact,Cold,Regina Junita,"05-Sep-26, 16:54",0:07:19,0:00:14,Instagram,SOHO Signature,"Minat SOHO, sales FU 1x, belum ada respon cust",❌,[Ended by sales at 18-Sep-26 14:26 WIB]
353,"05-Sep-26, 16:28",Vendi,8174765893,Follow Up,Visited,Fitriyani Dewi,"05-Sep-26, 16:28",0:00:27,0:00:27,Google,Website,"Dari Google, cust sedang berada di Experience Centre & minta ketemu langsung dengan sales",✅,[Ended by sales at 12-Sep-26 16:37 WIB]
354,"05-Sep-26, 16:10",d,82298709863,First Contact,Cold,Kadek Bayu Permana Putra,"05-Sep-26, 16:21",0:11:40,0:00:16,Instagram,SOHO Signature,"Minat SOHO, sales FU 1x, belum ada respon cust",❌,[Ended by sales at 11-Sep-26 19:14 WIB]
355,"05-Sep-26, 14:44",tanzz suka Spiderman,85719478155,First Contact,Cold,Kadek Bayu Permana Putra,"05-Sep-26, 14:46",0:02:26,0:00:17,Instagram,Loft Living View,"Minat Loft Living, sales FU 1x, belum ada respon cust",❌,[Ended by sales at 11-Sep-26 19:15 WIB]
356,"05-Sep-26, 13:20",Fen,817879900,Follow Up,Prospect,Yulia Eunike,"05-Sep-26, 13:20",0:02:55,0:00:25,Instagram,Apart Kampus,"Nego intensif 1BR vs 2BR utk investasi, minta pricelist, cara bayar, service charge & sinking fund",✅,[Ended by sales at 25-Sep-26 11:16 WIB]
357,"05-Sep-26, 12:59",Deidy,89697985670,First Contact,Cold,Ditto Zulfikar Junaedi,"05-Sep-26, 13:03",0:03:03,0:00:16,Instagram,Apart & WLB,"Minat apartemen, sales FU 2x, belum ada respon cust",❌,[Ended by sales at 19-Sep-26 17:42 WIB]
358,"05-Sep-26, 10:55",Mutiara Proehoeman,81311509252,First Contact,Cold,Kadek Bayu Permana Putra,"05-Sep-26, 10:56",0:01:24,0:01:24,Instagram,SOHO Signature,"Minat SOHO, sales baru FU 1x, belum ada respon cust",❌,[Ended by sales at 13-Sep-26 10:11 WIB]
359,"05-Sep-26, 9:58",Regina,89632108887,Follow Up,Cold,Regina Junita,"05-Sep-26, 10:07",0:00:00,8:19:08,Instagram,SOHO Signature,"Basa-basi nama sama, belum bahas detail produk",✅,
360,"05-Sep-26, 8:37",🦚,85776254908,First Contact,Cold,Fitriyani Dewi,"05-Sep-26, 8:42",0:04:52,0:00:23,Instagram,Apart Kampus,"Tanya info, sales FU 2x, belum ada respon cust",✅,[Ended by sales at 17-Sep-26 08:36 WIB]
361,"04-Sep-26, 20:53",Naufal Ahmad RR,81218160322,Follow Up,Prospect,Yulia Eunike,"04-Sep-26, 20:56",0:03:16,0:01:03,Google,Website,"Cust aktif: mau lihat Loft Living, kasih preferensi kamar; sales tanya jadwal survey",✅,
362,"04-Sep-26, 20:50",Zril,85710903389,First Contact,Cold,Ditto Zulfikar Junaedi,"04-Sep-26, 20:50",0:00:00,0:00:00,Instagram,SOHO Signature,"Minat SOHO, sales FU 5x, belum ada respon cust",❌,[Ended by sales at 07-Sep-26 19:39 WIB]
363,"04-Sep-26, 20:43",awaaa,85693460378,First Contact,Cold,Fitriyani Dewi,"04-Sep-26, 20:43",0:00:18,0:00:18,Instagram,Loft Living View,"Minat Loft Living, sales FU 3x, belum ada respon cust",✅,[Ended by sales at 17-Sep-26 08:46 WIB]
364,"04-Sep-26, 18:11",nawraa,81268508310,First Contact,Cold,Ditto Zulfikar Junaedi,"04-Sep-26, 18:14",0:02:40,0:00:10,Instagram,SOHO Signature,"Minat SOHO, sales FU 6x, belum ada respon cust",❌,[Ended by sales at 19-Sep-26 17:42 WIB]
365,"04-Sep-26, 18:07",Bagus Adrianto,85697969439,Cari Sewa,Junk,Kadek Bayu Permana Putra,"04-Sep-26, 18:07",0:00:00,0:00:00,Not Detected,Not Detected,"Production house tanya sewa office utk shooting, bukan minat beli",,
366,"04-Sep-26, 17:39",DW,817888647,Follow Up,Warm,Ira Rosdiana,"04-Sep-26, 17:39",0:00:24,0:00:24,Instagram,Loft Living View,"Aktif tanya tipe (1BR/studio), harga 2.3M, size, cukup detail",✅,
367,"04-Sep-26, 14:42",Margo,81387680361,First Contact,Cold,Ira Rosdiana,"04-Sep-26, 14:42",0:00:21,0:00:21,Google,Website,"Minta pricelist Loft Living, sales jawab harga & tipe, belum ada respon lanjut",❌,[Ended by sales at 13-Sep-26 13:00 WIB]
368,"04-Sep-26, 14:21",Clara Regina,81212222096,Follow Up,Cold,Ditto Zulfikar Junaedi,"04-Sep-26, 14:21",0:00:26,0:00:26,Google,Website,"Balas nama 'Clara', tidak lanjut respon setelah ditanya kebutuhan",✅,[Ended by sales at 19-Sep-26 17:41 WIB]
369,"04-Sep-26, 11:35",VL,81519801995,Cari Sewa,Junk,Fitriyani Dewi,"04-Sep-26, 11:36",0:00:31,0:00:31,Google,Website,"Dari Google, eksplisit cari SEWA SOHO per tahun, bukan beli",,
370,"04-Sep-26, 11:09",za,881024183584,First Contact,Cold,Kadek Bayu Permana Putra,"04-Sep-26, 11:10",0:01:00,0:01:00,Instagram,Apart & WLB,"Minat apartemen, sales FU 2x, belum ada respon cust",❌,[Ended by sales at 10-Sep-26 20:41 WIB]
371,"04-Sep-26, 10:34",Abdul Barkah,87733754130,First Contact,Cold,Ditto Zulfikar Junaedi,"04-Sep-26, 10:37",0:02:47,0:00:19,Instagram,Apart Kampus,"Tanya info, sales FU 3x, belum ada respon cust",❌,[Ended by sales at 19-Sep-26 17:41 WIB]
372,"04-Sep-26, 10:03",aaron,89510205665,First Contact,Cold,Kadek Bayu Permana Putra,"04-Sep-26, 10:08",0:05:02,0:00:22,Instagram,Loft Living View,"Minat Loft Living, sales FU 2x, belum ada respon cust",❌,[Ended by sales at 13-Sep-26 10:11 WIB]
373,"04-Sep-26, 9:55",Aliska,82114187262,First Contact,Cold,Ira Rosdiana,"04-Sep-26, 9:55",0:00:35,0:00:34,Instagram,Loft Living View,"Minat Loft Living, sales FU 4x, belum ada respon cust",❌,[Ended by system at 25-Sep-26 13:51 WIB]
374,"04-Sep-26, 9:34",Alif,85811082706,Strangers,Junk,Ditto Zulfikar Junaedi,"04-Sep-26, 9:34",0:00:15,0:00:15,Instagram,Loft Living View,Chat tidak jelas,,
375,"04-Sep-26, 9:13",Adrian Johan Turangan,811919988,Follow Up,Visited,Fitriyani Dewi,"04-Sep-26, 9:13",0:00:25,0:00:25,Google,Website,"Diskusi harga SOHO detail (4,8M/144sqm & 10,6M/304sqm), lokasi, fasilitas - lalu VISITED langsung ke Marketing Gallery",✅,[Ended by sales at 13-Sep-26 12:52 WIB]
376,"04-Sep-26, 9:02",Arya,87877182007,First Contact,Cold,Kadek Bayu Permana Putra,"04-Sep-26, 9:06",0:03:49,0:01:01,Instagram,SOHO Signature,"Minat SOHO, sales FU 2x, belum ada respon cust",❌,[Ended by sales at 13-Sep-26 10:10 WIB]
377,"04-Sep-26, 7:08",OK,811926805,Follow Up,Prospect,Fitriyani Dewi,"04-Sep-26, 7:27",0:18:13,0:00:25,Instagram,SOHO Signature,"Cust (Bapak Bowo) aktif: 20 karyawan, butuh 155sqm, bidang kesehatan, lokasi Pondok Pinang; sales undang visit Sabtu jam 1",✅,[Ended by sales at 16-Sep-26 16:08 WIB]
378,"04-Sep-26, 6:48",EKA 🇯6,818800006,First Contact,Cold,Yulia Eunike,"04-Sep-26, 6:48",0:00:21,0:00:21,Instagram,Apart & WLB,"Chat 'Hi Admin,' tanpa isi, sales FU 6x, belum ada respon cust",❌,
379,"04-Sep-26, 6:35",(-_-),85781380524,First Contact,Cold,Ditto Zulfikar Junaedi,"04-Sep-26, 7:15",0:40:35,0:00:13,Instagram,Loft Living View,"Minat Loft Living, sales FU 4x, belum ada respon cust",✅,[Ended by sales at 19-Sep-26 17:41 WIB]
380,"03-Sep-26, 18:20",salsafira larasati,85778861734,First Contact,Cold,Ditto Zulfikar Junaedi,"03-Sep-26, 18:44",0:23:10,0:00:12,Instagram,Loft Living View,"Minat Loft Living, sales FU 7x, belum ada respon cust",❌,[Ended by sales at 19-Sep-26 17:41 WIB]
381,"03-Sep-26, 17:27",Anam,85876016745,First Contact,Cold,Ira Rosdiana,"03-Sep-26, 17:27",0:00:15,0:00:15,Instagram,Apart Kampus,"Tanya info, sales FU 4x, belum ada respon cust",❌,[Ended by system at 26-Sep-26 18:08 WIB]
382,"03-Sep-26, 16:49",Evelyn,85210059400,Follow Up,Cold,Ditto Zulfikar Junaedi,"03-Sep-26, 16:49",0:00:10,0:00:10,Instagram,Loft Living View,"Minat Loft Living, cust tanya lokasi, masih basic",✅,[Ended by sales at 12-Sep-26 14:47 WIB]
383,"03-Sep-26, 16:48",~idoo,85975459118,First Contact,Cold,Fitriyani Dewi,"03-Sep-26, 16:49",0:00:23,0:00:23,Instagram,Apart Kampus,"Tanya info, sales FU 7x, belum ada respon cust",✅,[Ended by sales at 17-Sep-26 08:46 WIB]
384,"03-Sep-26, 14:58",iqbal,85718447018,Follow Up,Cold,Kadek Bayu Permana Putra,"03-Sep-26, 15:01",0:02:56,0:00:15,Instagram,Apart Kampus,"Balas nama 'Iqbal', tidak lanjut respon setelah ditanya huni/invest",✅,[Ended by sales at 13-Sep-26 10:08 WIB]
385,"03-Sep-26, 14:54",....,85894711509,Cari Sewa,Junk,Kadek Bayu Permana Putra,"03-Sep-26, 15:13",0:18:48,0:00:42,Google,Website,"Arif (Learnext) mau sewa meeting room per jam, bukan minat beli unit",,
386,"03-Sep-26, 14:16",bim,83142399291,First Contact,Cold,Fitriyani Dewi,"03-Sep-26, 14:16",1:46:35,0:00:26,Instagram,Apart Kampus,"Tanya info, sales FU 10x, belum ada respon cust",✅,[Ended by sales at 09-Sep-26 16:07 WIB]
387,"03-Sep-26, 13:53",AdniL,81213670791,First Contact,Cold,Kadek Bayu Permana Putra,"03-Sep-26, 14:00",0:07:08,0:00:22,Google,Website,"Minta pricelist (dari Google Ads), sales FU 3x, belum ada respon cust",❌,[Ended by sales at 09-Sep-26 14:32 WIB]
388,"03-Sep-26, 13:46",~,89662566862,First Contact,Cold,Ditto Zulfikar Junaedi,"03-Sep-26, 13:49",0:02:57,0:00:49,Instagram,Apart Kampus,"Tanya info, sales FU 9x (brosur & video), belum ada respon cust",✅,[Ended by sales at 14-Sep-26 16:24 WIB]
389,"03-Sep-26, 13:34",Komdko,83892375416,First Contact,Cold,Kadek Bayu Permana Putra,"03-Sep-26, 13:43",0:09:26,0:00:21,Instagram,Apart Kampus,"Tanya info, sales FU 3x, belum ada respon cust",❌,[Ended by sales at 09-Sep-26 14:32 WIB]
390,"03-Sep-26, 10:01",olifaaa oliff,85881802553,First Contact,Cold,Fitriyani Dewi,"03-Sep-26, 10:01",0:00:36,0:00:36,Instagram,Apart Kampus,"Tanya info, sales FU 7x, belum ada respon cust",✅,[Ended by sales at 19-Sep-26 11:24 WIB]
391,"03-Sep-26, 9:35",Ara,85695322641,Strangers,Junk,Kadek Bayu Permana Putra,"03-Sep-26, 9:35",0:00:00,0:00:00,Not Detected,Not Detected,"Tanya swimming pool terbuka utk umum & harganya, belum ada respon sales",,
392,"03-Sep-26, 9:33",dito,85781044163,Follow Up,Cold,Fitriyani Dewi,"03-Sep-26, 9:34",0:00:28,0:00:27,Instagram,Apart Kampus,Aktif chat tapi cust bilang 'hanya lihat-lihat' & 'belum ada niatan' beli,✅,[Ended by sales at 12-Sep-26 11:23 WIB]
393,"03-Sep-26, 7:49",Capt. Chris,81213777529,Follow Up,Warm,Fitriyani Dewi,"03-Sep-26, 7:53",0:03:59,0:00:00,Google,Website,Balas 2x: tanya unit studio & harga; sales masih proses jawab,✅,[Ended by sales at 19-Sep-26 11:24 WIB]
394,"03-Sep-26, 6:08",pnde,85692376126,First Contact,Cold,Kadek Bayu Permana Putra,"03-Sep-26, 8:04",1:55:50,0:00:48,Instagram,Apart Kampus,"Tanya info, sales baru FU 1x, belum ada respon cust",❌,[Ended by sales at 09-Sep-26 14:32 WIB]
395,"03-Sep-26, 6:05",z,83854512767,First Contact,Cold,Kadek Bayu Permana Putra,"03-Sep-26, 7:46",1:40:40,0:01:19,Instagram,Apart Kampus,"Tanya info, sales baru FU 1x, belum ada respon cust",❌,[Ended by sales at 10-Sep-26 20:41 WIB]
396,"03-Sep-26, 5:19",Hudri,81617435195,First Contact,Cold,Fitriyani Dewi,"03-Sep-26, 6:23",1:03:54,0:01:04,Instagram,Apart Kampus,"Tanya info, sales baru FU 1x, belum ada respon cust",✅,[Ended by sales at 10-Sep-26 09:09 WIB]
397,"03-Sep-26, 4:56",Aca,81572011344,Strangers,Junk,Ditto Zulfikar Junaedi,"03-Sep-26, 4:56",0:00:00,0:00:00,Not Detected,Not Detected,"Tanya fasilitas gym/renang & PL, belum ada respon dari sales",,
398,"02-Sep-26, 21:58",isaac,85718930594,First Contact,Cold,Regina Junita,"02-Sep-26, 22:07",0:09:30,0:00:31,Instagram,Apart & WLB,"Minat apartemen, sales FU 2x, belum ada respon cust",❌,[Ended by sales at 19-Sep-26 13:26 WIB]
399,"02-Sep-26, 20:08",Wahyu,81804301782,First Contact,Cold,Ira Rosdiana,"02-Sep-26, 20:08",0:00:21,0:00:21,Instagram,Apart Kampus,"Tanya info, sales FU 3x, belum ada respon cust",❌,[Ended by system at 25-Sep-26 15:00 WIB]
400,"02-Sep-26, 20:07",Apid,85778089834,First Contact,Cold,Kadek Bayu Permana Putra,"02-Sep-26, 20:17",0:09:18,0:00:19,Instagram,Apart Kampus,"Tanya info, sales FU 5x, belum ada respon cust",❌,[Ended by sales at 09-Sep-26 14:32 WIB]
401,"02-Sep-26, 18:56",rehanabdiw,85381084349,First Contact,Cold,Kadek Bayu Permana Putra,"02-Sep-26, 18:56",0:00:22,0:00:22,Instagram,Apart Kampus,"Tanya info, sales FU 4x, belum ada respon cust",❌,[Ended by sales at 10-Sep-26 14:29 WIB]
402,"02-Sep-26, 18:40",rapli,85714553525,First Contact,Cold,Regina Junita,"02-Sep-26, 18:45",0:00:00,8:20:02,Instagram,Apart & WLB,"Minat apartemen, sales FU 2x, belum ada respon cust",❌,[Ended by sales at 19-Sep-26 13:26 WIB]
403,"02-Sep-26, 18:37",Axel,89679152641,First Contact,Cold,Ira Rosdiana,"02-Sep-26, 18:37",0:00:21,0:00:21,Instagram,Loft Living View,"Minat Loft Living, sales FU intensif 4x, belum ada respon cust",❌,[Ended by sales at 17-Sep-26 17:55 WIB]
404,"02-Sep-26, 18:36",Ghibran sH,85110511160,Cari Sewa,Junk,Ditto Zulfikar Junaedi,"02-Sep-26, 18:36",0:00:41,0:00:41,Google,Website,Cust tanya lokasi lalu bilang 'saya mau sewa kak untuk 1 tahun',❌,
405,"02-Sep-26, 15:09",Haris N Toro,87771110666,Jualan product,Junk,Kadek Bayu Permana Putra,"02-Sep-26, 15:09",0:00:00,0:00:00,Not Detected,Not Detected,"Vendor Balifiber tawarkan jasa internet ke sales, bukan leads properti",,
406,"02-Sep-26, 14:38",Succesfull,87711010707,Follow Up,Visited,Regina Junita,"02-Sep-26, 14:41",0:03:06,0:00:14,Instagram,Apart & WLB,"Cust (Ernest) benar-benar visit ke lokasi, ketemu di Lobby North/depan Strada Coffee dgn sales",✅,[Ended by sales at 16-Sep-26 08:26 WIB]
407,"02-Sep-26, 14:06",6,85899022258,Follow Up,Prospect,Yulia Eunike,"02-Sep-26, 14:07",0:01:51,0:01:50,Instagram,Apart Kampus,"Cust bilang 'soalnya aku mau survei', minta diarahkan datang ke lokasi",❌,[Ended by sales at 25-Sep-26 15:48 WIB]
408,"02-Sep-26, 13:18",Bhaskara,81286131921,Follow Up,Prospect,Ira Rosdiana,"02-Sep-26, 13:18",0:00:34,0:00:34,instagram,SOHO Signature,"Tanya harga(2.4M),cicilan,diskon; sales tawarkan jadwal private viewing",✅,[Ended by sales at 26-Sep-26 18:07 WIB]
409,"02-Sep-26, 12:40",....,89675617704,First Contact,Cold,Ditto Zulfikar Junaedi,"02-Sep-26, 12:40",0:00:20,0:00:20,Instagram,Apart & WLB,Masih terus di-follow up sales sampai FU ke-7,❌,[Ended by sales at 18-Sep-26 21:28 WIB]
410,"02-Sep-26, 12:01",Lusiana,81319081000,Follow Up,Warm,Kadek Bayu Permana Putra,"02-Sep-26, 12:01",0:00:16,0:00:16,Instagram,Apart Kampus,"Tanya harga (2M/2BR, 4M/3BR loft) & tipe kamar, aktif diskusi",✅,[Ended by sales at 09-Sep-26 14:31 WIB]
411,"02-Sep-26, 9:15",william,88293103400,First Contact,Cold,Regina Junita,"02-Sep-26, 9:24",0:00:00,1:49:07,Instagram,Apart & WLB,"Minat apartemen, sales FU 5x, belum ada respon cust",❌,[Ended by sales at 17-Sep-26 15:17 WIB]
412,"02-Sep-26, 8:25",Jcfeen,DM instagram,Follow Up,Warm,Kadek Bayu Permana Putra,"02-Sep-26, 8:56",0:27:38,0:30:52,Not Detected,Not Detected,"Tanya PL, IPL (33rb), size 112sqm & budget; masih tanya-tanya lanjut",✅,[Ended by sales at 08-Sep-26 10:38 WIB]
413,"02-Sep-26, 7:33",🤏,6287887804672,Strangers,Junk,Kadek Bayu Permana Putra,"02-Sep-26, 7:33",1:34:50,0:00:23,instagram,Apart Kampus,"Cust balas 'cipto', lalu bilang 'ga' & 'kepencet' (salah pencet, tidak minat)",,
414,"02-Sep-26, 6:50",Yudia/Dd,62818812266,Over buget,Junk,Fitriyani Dewi,"02-Sep-26, 8:14",1:23:49,0:00:20,instagram,Apart & WLB,Over Budget,,
415,"02-Sep-26, 6:07",Teddy,6281317976617,Follow Up,Warm,Regina Junita,"02-Sep-26, 7:00",0:52:48,0:00:56,instagram,SOHO Signature,"Tanya harga (start 2M) & luas SOHO (69-80/76sqm), aktif diskusi",✅,[Ended by sales at 16-Sep-26 08:28 WIB]
416,"02-Sep-26, 5:31",ell,6285766866658,Strangers,Junk,Regina Junita,"02-Sep-26, 5:31",0:00:00,0:00:00,Not Detected,Not Detected,"Kirim 5 foto random tanpa teks (bukan foto properti), sales tidak pernah membalas sama sekali",,
417,"02-Sep-26, 5:11",Anita Amanda,6285782449591,First Contact,Cold,Regina Junita,"02-Sep-26, 6:50",0:00:00,8:20:25,instagram,SOHO Signature,"Minat SOHO, sales FU 3x, belum ada respon cust",❌,[Ended by sales at 19-Sep-26 13:27 WIB]
418,"02-Sep-26, 5:10",Stasya IG @anastassyaspr,6281319957898,Follow Up,Cold,Regina Junita,"02-Sep-26, 7:26",2:15:42,0:00:21,instagram,SOHO Signature,"Cust respon nama & minta lihat detail, sales tanya kebutuhan tinggal/invest, masih tahap awal",✅,[Ended by sales at 16-Sep-26 08:28 WIB]
419,"01-Sep-26, 21:48",.,6287796643554,First Contact,Cold,Kadek Bayu Permana Putra,"01-Sep-26, 23:23",1:35:25,0:00:28,instagram,Apart Kampus,"Tanya info detail, sales FU 3x, belum ada respon cust",❌,[Ended by sales at 09-Sep-26 14:30 WIB]
420,"01-Sep-26, 21:05",mumtaz,6281917013853,First Contact,Cold,Fitriyani Dewi,"01-Sep-26, 21:07",0:02:23,0:00:14,instagram,Apart Kampus,"Tanya info, sales FU intensif 5x dalam 2 hari, belum ada respon cust",✅,[Ended by sales at 09-Sep-26 16:03 WIB]
421,"01-Sep-26, 20:53",Rosaline Paramita,6281311578699,Follow Up,Prospect,Regina Junita,"01-Sep-26, 20:53",0:00:00,8:20:40,Google,Apartemen LP 3,"Diskusi detail: harga 2.4M, IPL 33rb, sinking fund, furnished, domisili; bahas jadwal private showing weekend (blm fix)",✅,[Ended by sales at 25-Sep-26 12:47 WIB]
422,"01-Sep-26, 19:49",BG _to,6281901251106,Follow Up,Cold,Ira Rosdiana,"01-Sep-26, 19:52",0:03:09,0:00:39,instagram,Apart Kampus,"Cust tanya 'upper west itu apa', dijelaskan office&residence, masih basic",✅,[Ended by sales at 08-Sep-26 12:03 WIB]
423,"01-Sep-26, 17:03",kiaaa,6285381958571,First Contact,Cold,Fitriyani Dewi,"01-Sep-26, 17:05",0:02:57,0:00:27,instagram,Apart Kampus,"Tanya info, sales FU intensif 5x, belum ada respon cust",✅,[Ended by sales at 13-Sep-26 08:30 WIB]
424,"01-Sep-26, 15:51",D3,6281294940707,Strangers,Junk,Regina Junita,"01-Sep-26, 15:57",0:05:18,0:00:23,Not Detected,Not Detected,"Salah sambung, cust kira ini nomor BCA KCU Gading Serpong",,
425,"01-Sep-26, 13:46",fah,6285755120037,Follow Up,Cold,Kadek Bayu Permana Putra,"01-Sep-26, 13:47",0:00:14,0:00:14,Google,Website (APH),"Minat unit AP-H 82,43sqm, balas nama 'Rifa', tidak lanjut respon setelahnya",✅,[Ended by sales at 08-Sep-26 10:57 WIB]
426,"01-Sep-26, 13:40",Habib,6281282260717,First Contact,Cold,Fitriyani Dewi,"01-Sep-26, 13:43",0:02:25,0:00:15,instagram,SOHO Signature,"Minat SOHO Signature, sales FU 7x, belum ada respon cust",✅,[Ended by sales at 09-Sep-26 16:02 WIB]
427,"01-Sep-26, 13:34",Na'tona Eet,62811125656,First Contact,Cold,Regina Junita,"01-Sep-26, 13:39",0:05:17,0:00:18,instagram,Apart & WLB,"Minat apartemen, sales FU intensif 5x, belum ada respon cust",✅,[Ended by sales at 17-Sep-26 15:17 WIB]
428,"01-Sep-26, 13:19",achaimupf_,62895627133202,Strangers,Junk,Kadek Bayu Permana Putra,"01-Sep-26, 13:19",0:00:00,0:00:00,instagram,Apart Kampus,Kirim link grup WhatsApp tidak relevan (spam),,
429,"01-Sep-26, 11:21",Rana Syarifah,6285156133177,First Contact,Cold,Ira Rosdiana,"01-Sep-26, 11:25",0:03:48,0:01:27,instagram,Apart & WLB,"Minat apartemen, sales FU 4x, belum ada respon cust",❌,[Ended by sales at 18-Sep-26 18:25 WIB]
430,"01-Sep-26, 10:12",Sera S Notoraharjo,6282114700552,First Contact,Cold,Kadek Bayu Permana Putra,"01-Sep-26, 10:12",0:00:19,0:00:19,instagram,SOHO Signature,"Minat SOHO Signature, sales FU 6x, belum ada respon cust",❌,[Ended by sales at 09-Sep-26 14:36 WIB]
431,"01-Sep-26, 6:25",BUN,6285876657720,Follow Up,Cold,Fitriyani Dewi,"01-Sep-26, 7:13",0:47:36,0:00:26,instagram,Apart Kampus,"Cust (Lie) aktif chat minta nomor WA pribadi sales, belum bahas detail produk",✅,[Ended by sales at 10-Sep-26 09:35 WIB]
432,"01-Sep-26, 5:49",adsta,62895386240458,First Contact,Cold,Fitriyani Dewi,"01-Sep-26, 7:26",1:36:18,0:00:19,instagram,SOHO Signature,"Minat SOHO Signature, sales FU 5x, belum ada respon cust",✅,[Ended by sales at 09-Sep-26 16:02 WIB]
