No.,Nama Leads,Incoming Leads,Year,Month,Source,Iklan by,Remaks,Team under,assigned_to,first_response_time,Date Visit,SLA Visit,SLA Closing,Last Fu,Next Fu
1,Nic,"25-Sep-26, 15:32",2026,Sept,Google,Apart & SOHO LP1,"Minat 3 BR, sudah minat LF - A, minta simulasi dan sedang Perbandingan ke Apartemen Sekitar BSD untuk memilih yang cocok sesuai kebutuhan mereka",Evita Bella,Yulia Eunike,0:03:45,28 Sept,3 Hari,,,,,
2,Felicia Halim,"27-Sep-26, 14:22",2026,Sept,Not Detected,Not Detected,Minat SHS luas 87 sqm Cara bayar: KPAHasil Visit: akan kabari krn masih compare dengan ruko Gading serpong,Evita Bella,Ira Rosdiana,0:00:25,27 Sept,1 Hari,,,,,
3,Aksa,"23-Sep-26, 11:13",2026,Sept,Google,Website,"Untuk Kantor dan hunian bidang Coffee, sedang di rundingkan untuk budget cash minat T1 1206",Evita Bella,Yulia Eunike,0:03:38,24 Sept,1 Hari,,,,,
4,Ary Nugraha,"23-Sep-26, 8:03",2026,Sept,Not Detected,Not Detected,"Soho Kapasitas 10 Karyawan, minat unit Luasan 78 sqm, mau diskusi dengan Partner untuk harga dan cicilan",Evita Bella,Yulia Eunike,0:05:00,23 Sept,1 Hari,,,,,
5,Jonathan,"17-Sep-26, 17:51",2026,Sept,Not Detected,Not Detected,"Masih compare dengan apart lain di BSD, karna baru tinggal  6 bln di BSD, Suka sama APF cara bayar masih dipikirkan",Maikelindo,Kadek Bayu Permana,0:00:23,"20, 24 & 25 Sept",3 Hari,,,,,
6,Alfredi,"15-Sep-26, 0:58",2026,Sept,Not Detected,Not Detected,"Minat SHG cicilan oke, tapi perlu disksui dengan direksi lain karna mau RUPS dlu akhir oktober",Maikelindo,Kadek Bayu Permana,0:04:56,20 Sept,5 Hari,,,,,
7,Jayro18,"16-Sep-26, 14:32",2026,Sept,Google,Apartemen LP3,"Expat yang mau huni, tidak menetap lama, jadi mau sewa, pemain bola ",Evita Bella,Yulia Eunike,0:00:47,20 Sept,4 Hari,,,,,
8,🍉🍉🍑 / Sri,"07-Sep-26, 0:14",2026,Sept,Instagram,SOHO Signature,Minat SOHO buat bisinis admin untuk kantor seafood dia,Evita Bella,Ditto Zulfikar Junaedi,0:06:58,17 Sept,10 Hari,,,,,
9,Novia - 23,"13-Sep-26, 21:26",2026,Sept,Tiktok,Tiktok,"Minat SH untuk kantor administrasni bisnis alkohol, compare ruko (Source Leads https://vt.tiktok.com/ZSqHtYVpR/)",Evita Bella,Ditto Zulfikar Junaedi,0:05:00,14 Sept,1 Hari,,,,,
10,Ricko,"05-Sep-26, 18:52",2026,Sept,Instagram,SOHO Signature,Minat SH rencana 80 or 87 sqm saat meeting by zoom,Evita Bella,Ira Rosdiana,0:00:00,8 & 10 Sept,3 Hari,,,,,
11,Succesfull / Ernest,"02-Sep-26, 14:38",2026,Sept,Instagram,Apart & WLB,"Minat LLF 169 3+1 Br 2nd visit, cara bayar KPA an pribadi atau PT hari minggu 2nd visit",Maikelindo,Regina Junita,0:00:00,07 Sept,5 Hari,,,,,
12,Welly,"06-Sep-26, 20:41",2026,Sept,Instagram,SOHO Signature,"Minat SH untuk invest, sudah pengalaman invest di apartment juga & lagi comapre dengan ruko",Maikelindo,Kadek Bayu Permana,0:09:01,07 Sept,1 Hari,,,,,
13,Adrian Johan Turangan,"04-Sep-26, 9:13",2026,Sept,Google,Website,"Minat SHSM & SHSLuntuk 10 - 20 orang, masih perbandingan dulu",Maikelindo,Fitriyani Dewi,0:00:25,06 Sept,2 Hari,,,,,
14,Vendi,"05-Sep-26, 16:28",2026,Sept,Google,Website,Minat APH & LLF rencana KPA 15 thn,Maikelindo,Fitriyani Dewi,0:00:27,05 Sept,1 Hari,,,,,
15,Aldo witana,"29-Aug-26, 14:38",2026,Sept,Google,Apart & SOHO LP 1,Minat APA dan KPA ke bank cicilan di 10jtan dan masih mau diskusi dulu,Maikelindo,Regina Junita,0:04:39,4 & 13 Sept,6 Hari,,,,,
16,Hery,"21-Mar-26, 10:00",2026,Sept,instagram,SOHO Signature,Minat SH lagi compare juga dengan ruko mau coba diskusi dulu,Evita Bella,Ira Rosdiana,0:02:27,01 Sept,160 Hari,,,,,
17,Eka Budi,"05-Aug-26, 15:43",2026,Sept,instagram,SOHO Signature,"Minat SHSG 2 unit jadi 1 connecting, minta pengajuan kepada management dan tggu reservasi",Maikelindo,Fitriyani Dewi,0:00:27,01 Sept,26 Hari,,,,,
18,Lukas Indonesia,"24-Aug-26, 22:31",2026,Aug,Not Detected,Not Detected,"Minat LLF / Apart budget di 2Man, tingga di branz. Mau diskusi terkait unit",Maikelindo,Kadek Bayu Permana,0:04:54,25 Aug,1 Hari,,,,,
19,Antonio,"25-Jul-26, 21:27",2026,Aug,Not Detected,Not Detected,Minat LLF 1Br atau APA cara bayar cash masih rundingan dulu,Evita Bella,Ira Rosdiana,0:00:22,23 AUg,28 Hari,,,,,
20,Varis Sastra,"11-Aug-26, 11:59",2026,Aug,instagram,SOHO Signature,Minat SHSM Untuk kantor konsultan pendidikan internasional,Maikelindo,Regina Junita,0:08:47,22 Aug,11 Hari,,,,,
21,Soni Laberta,"22 -Jul-26, 10.45",2026,Aug,instagram,DM instagram,Masuk ke sales an Nike dan closing SHSL ,Evita Bella,Yulia Eunike,0:00:01,22 July. 21 Aug,30 Hari,30 Hari (21 Aug),,
22,David Tjahja,"11-Aug-26, 17:11",2026,Aug,Google,Website,"Sudah suka unit APA, tinggal diskusi cara bayar",Maikelindo,Kadek Bayu Permana,0:00:27,"21 , 23 Aug",10 Hari,,,,,
23,ferina faradilla,"17-Aug-26, 17:24",2026,Aug,Google,Website,Minat SH 304 Sqm dan LLF 135 & 169 sqm cara bayar KPA DP 10%,Maikelindo,Fitriyani Dewi,0:02:41,20 Aug,3 Hari,,,,,
24,Kaori Winie,"17-Aug-26, 01:55",2026,Aug,instagram,SOHO Signature,Minat 0710 cara bayar KPA lagi diarahin ke 1010 ,Maikelindo,Kadek Bayu Permana,0:12:20,"18, 23 Aug",1 Hari,,,,,
25,Teguh P Sidik,"17-Jul-26, 16:46",2026,Aug,instagram,SOHO Signature,"Untuk Kantor Tour, sekarang masih sewa office di Jaksel sedang pertimbangkan Simulasi KPA masih mau sesuaikan dg budget ",Evita Bella,Yulia Eunike,0:14:12,18 Aug,31 Hari,,,,,
26,David,"11-May-26, 21:03",2026,Aug,Google,Website,"Minat APE, APH, SHSD Lagi diskusi cara bayar",Maikelindo,Regina Junita,0:06:57,09 Aug,88 Hari,,,,,
27,Mas Ayu (BC 26 Juni)/ 06 Aug,"22-Feb-26, 18:08",2026,Aug,instagram,SOHO Standard,Minat SHS M cara bayar KPA DP 500 Jt - 1M. minta waktu diskusi 1 minggu,Maikelindo,Kadek Bayu Permana,0:05:33,06 Aug,1 Hari,,,,,
28,ferrensean,"02-Aug-26, 11:19",2026,Aug,Google,Website,Minat LLF 3Br dan suka unitnya sedang nego,Evita Bella,Yulia Eunike,0:02:01,02 Aug,1 Hari,,,,,
29,Akhmad,15 July 2026 13:56,2026,Juli,instagram,DM instagram,Masuk ke sales an Nike dan closing SHSL ,Evita Bella,Yulia Eunike,0:00:01,15 Juli,1 Hari,16 Hari (31 July),,
30,Stephanus Suharli,"29-Jul-26, 19:02",2026,Juli,instagram,SOHO Signature,"Minat SOHO 80 sqm encana buat bisnis tapi masih lihat lihat dulu, dan minta dikirimkan detail simulasi",Evita Bella,Ditto Zulfikar Junaedi,0:00:35,31 Juli & 06 Aug,2 Hari,,,,,
31,R1 (Ronny),"31-Jul-26, 10:14",2026,Juli,Google,Website,Minat LLF 135 Sqm cara bayar cash bertahap anak sekolah di ACS akan 2nd visit,Maikelindo,Fitriyani Dewi,0:00:23,31 Juli,1 Hari,,,,,
32,Ari / Alfian (BC 26 Juni) / 31 July,"10-Apr-25, 0:16",2026,Juli,Instagram,SOHO Cicil DP,Minat dengan APB  fasilitas karena mobilitas sering ke jakarta untuk meeting  (Konsultan lingkungan) Stay riau,Maikelindo,Kadek Bayu Permana,0:00:34,31 Juli,1 Hari,,,,,
33,Nathanael Yudhistira,"18-Jul-26, 9:04",2026,Juli,Google,Apartemen LP 2,"Minat apart untuk kuliah di alam sutera binus saat ini masih diamalang, dan zoom tahap explore dlu",Maikelindo,Fitriyani Dewi,0:00:34,26 Juli,8 Hari,,,,,
34,AFP,"20-Jul-26, 17:57",2026,Juli,Google,Website,"Minat Tipe & Unit: AP-H, No. 25.12 akan 2nd vsit dengan suami",Evita Bella,Yulia Eunike,0:00:50,25 Juli,5 Hari,,,,,
35,Dra (BC 26 Juni) / 25 Juli,"19-Jan-26, 13:43",2026,Juli,Not Detected,Not Detected," Minat SH 80 Sqm usaha konsultan, akan 2nd visit lagi untuk tentuin cara bayar",Maikelindo,Kadek Bayu Permana,0:00:16,25 Juli,1 Hari,,,,,
36,Maz Wied,"22-Jul-26, 20:04",2026,Juli,instagram,Apart & WLB,Minat APA Cra bayar cash nego ke 2M tapi nunggu pengajuan dia di shilla approved apa ga,Maikelindo,Kadek Bayu Permana,0:00:38,24 Juli,2 Hari,,,,,
37,Lina Tj,"19-Jul-26, 19:33",2026,Juli,instagram,SOHO Signature,"Minat Tipe & Unit: SHS - D, 10.01 untuk kantor notaris akan diskusi dengan suami",Evita Bella,Yulia Eunike,0:01:01,20 Juli,1 Hari,,,,,
38,Norhadi Alias,"27-Jun-26, 12:55",2026,Juli,Google,Website,Minat APA cara bayar CB 12x minat FF dan minta disct,Maikelindo,Fitriyani Dewi,0:00:16,17 Juli,20 Hari,,,,,
39,Gry,"15-Jul-26, 9:14",2026,Juli,Google,Apartemen LP 2,"Ingin sewa dulu, tp ingin diskusi dgn ortu kalau rencana ambil unit.  Minat 2Br",Evita Bella,Ira Rosdiana,0:02:31,15 Juli,1 Hari,,,,,
40,Linda F Wewengkang,"07-Jul-26, 13:25",2026,Juli,Google,Website (2br APH),Concern di dana &  kebutuhan tambahan aset invest di apartemen. Plan LF 3BR & 2BR connecting,Evita Bella,Ira Rosdiana,0:00:40,13 Juli,6 Hari,,,,,
41,Jerzy Sagala,"08-Jul-26, 12:02",2026,Juli,instagram,SOHO Signature,Minat SH 80 sqm sedang compare dengan sewa Ruko yg exposure ramai.,Evita Bella,Ira Rosdiana,0:03:17,11 Juli,3 Hari,,,,,
42,Gratio Ray,"08-May-26, 13:56",2026,Juli,instagram,SOHO Signature,Minat SOHO tertarik SHSM perlu waktu diskusi dulu,Maikelindo,Fitriyani Dewi,0:00:33,11 Juli,63 Hari,,,,,
43,Sulanto,"06-Jul-26, 7:51",2026,Juli,instagram,Apart & WLB,"Kantor unit bisnis trading kimia, F&B B2B B2C, akan visit kembali 24/7 se-pulang dari LN bersama Komisaris",Evita Bella,Yulia Eunike,0:07:40,7 Juli,1 Hari,,,,,
44,Ronny Christian,"01-Jul-26, 0:32",2026,Juli,instagram,SOHO Signature,Hold 2 unit SH T2,Evita Bella,Ditto Zulfikar Junaedi,0:07:47,"07, 13 Juli",6 Hari,27 Hari (28 July),,
45,Dara (Gritte Agatha),"01-Jul-26, 16:53",2026,Juli,instagram,SOHO Signature,Compare dengan ruko Next Step: konfirmasi minat unit & keseriusan. Antara sewa atau beli.,Evita Bella,Ira Rosdiana,0:02:52,7 Juli,6 Hari,,,,,
46,ANDY (BC 26 Mei),"13 February, 2024, 16:03",2026,Juli,Google,Google,"Bisnis logistic internasional, diskusi dengan Partner di LN dan menunggu investor",Evita Bella,Yulia Eunike,0:01:00,4 Juli,38 Hari,,,,,
47,Namaku Sinnay,"28-Jun-26, 14:00",2026,Juni,instagram,SOHO Signature,Minat SOHO untuk digital agency (cust jadi WI Ditto),Evita Bella,Ditto Zulfikar Junaedi,0:03:11,30 Juni,2 Hari,,,,,
48,Seiko Manito,"25-Jun-26, 18:50",2026,Juni,instagram,SOHO Signature,Minat SOHO 155 sqm sedang mau diskusi dengan partner,Evita Bella,Ditto Zulfikar Junaedi,0:00:59,26 Juni,1 Hari,,,,,
49,Manna Center / Harry,"22-Jun-26, 18:03",2026,Juni,instagram,SOHO Signature,"Minat SOHO cicilan 11 jtan , mau buat VO dan lembaga kursus",Evita Bella,Ditto Zulfikar Junaedi,0:02:25,23 Juni,1 Hari,,,,,
50,Jonathan Grantomo (BC 26 Mei),"21-Jun-25, 19:56",2026,Juni,instagram,2 Br Fully Furnished,Minat SH 144 sqm KPA 10 thn untuk bisnis trading dan recanana pakai nama PT,Maikelindo,Fitriyani Dewi,0:05:00,22 Juni,1 Hari,,,,,
51,PT Cahaya Energi Bersatu,"28-May-26, 18:42",2026,Juni,instagram,SOHO Work Life Balance,Minat SOHO ukuran 304 sqm dan cari ready,Evita Bella,Ira Rosdiana,0:00:14,16 Juni,18 Hari,,,,,
52,🅰️Nugraha,"15-Jun-26, 7:05",2026,Juni,instagram,SOHO Signature,Prefer Ruko karena untuk konseling dan butuh exposure traffic,Evita Bella,Ditto Zulfikar Junaedi,0:20:51,16 Juni,1 Hari,,,,,
53,Weda,"15-Jun-26, 15:23",2026,Juni,instagram,SOHO Signature,"Minat SH 155 sqm, cara bayar cash / cash bertahap sedang diskusi dengan partner",Maikelindo,Regina Junita,0:00:11,16 Juni,1 Hari,,,,,
54,erwinlight31,"10-Jun-26, 7:30",2026,Juni,instagram,SOHO Signature,Minat SOHO 150 dan juga yg harga 2.6man,Evita Bella,Ditto Zulfikar Junaedi,0:01:04,10 Juni,1 Hari,,,,,
55,Ery Wijaya,"08-Jun-26, 9:01",2026,Juni,Not Detected,Not Detected,Rsvd SHP 0702 DP 30 %,Maikelindo,Regina Junita,0:00:44,"10 ,16,22 Juni",2 Hari,39 hari (17 July),,
56,feb ho (Febri),"31-May-26, 08:17",2026,Mei,Google,Website,Minat SHP 0702 cara bayar KPA 2nd visit hari rabu,Maikelindo,Sutisna,0:01:28,31 Mei,1 Hari,,,,,
57,Radi,"24-Apr-26, 11:03",2026,April,Not Detected,Not Detected,"(24 april Minat SHP 172 - 209 Sqm cara bayar cash) / (30 Mei Minat LLF 135 & 141, 69 Sqm)",Maikelindo,Regina Junita,0:01:12,24 april & 30 Mei,1 Hari,,,,,
58,IMC / Ming. (BC 11 April),"12-Apr-25, 3:24",2026,Mei,instagram,SOHO Premium,Minat SH 144 sqm cara bayar KPA,Evita Bella,Yulia Eunike,0:07:00,24 Mei,43 Hari,,,,,
59,Eli / 81216707876,"13-Apr-26, 18:38",2026,Mei,instagram,SOHO Standard,Minat soho 304 sqm dan mau atur cashflow,Evita Bella,Yulia Eunike,0:02:00,24 Mei,41 Hari,,,,,
60,$NoerhalimKunFayakun扎西德勒,"23-May-26, 18:14",2026,Mei,instagram,SOHO Signature,Double appt dengan agent dan lihat tipe besar masih lihat lihat,Maikelindo,Regina Junita,0:00:44,24 Mei,1 Hari,,,,,
61,Hendri santoso,"23-May-26, 13:55",2026,Mei,Google,Website,"Minat APF untuk anak nya kuliah di prasmul 2 tahun lagi, so far masih comapre comapre",Maikelindo,Regina Junita,0:02:40,23 Mei,1 Hari,,,,,
62,Willem Julienne,"19-May-26, 07:40",2026,Mei,instagram,SOHO Work Life Balance,Compare dengan ruko di park serpong dan over budget,Evita Bella,Yulia Eunike,0:00:33,19 Mei,1 Hari,,,,,
63,Andrew HaCe (BC 11 April) / 08 Mei,"03-Nov-25, 14:35",2026,Mei,Tiktok,Tiktok,Minat SHS L atau SHSM lagi diskusi dulu,Evita Bella,Ira Rosdiana,0:01:00,"17 Mei , 08 & 16 Juni",9 Hari,"Rsvd 16 Jun 38 hari, Closing 29 Sept",,
64,EL,"17-May-26, 13:20",2026,Mei,instagram,SOHO Work Life Balance,"Minat SHS 144 sqm cara bayar KPA 20 thn, tinggal di nava park",Evita Bella,Yulia Eunike,0:00:15,17 Mei,1 Hari,,,,,
65,posko Ibu Negara (Desi),"16-May-26, 14:44",2026,Mei,instagram,2Br Apart vs Rumah,"Minat APB cara bayar KPA mau pakai nama anaknya, lagi diskusi antara sewa or beli",Maikelindo,Fitriyani Dewi,0:00:27,16 Mei,1 Hari,,,,,
66,Shelly Pieloor PS,"19-Mar-26, 11:01",2026,Mei,Google,Website,2nd Visit dari Maret dan Mei minat 2Br tapi nego cash keras,Evita Bella,Ira Rosdiana,0:00:43,"19 Mar, 13 Mei, 10,11 Aug",1 Hari,147 Hari (12 Aug),,
67,Ray Lee 이우채,"11-May-26, 11:29",2026,Mei,Google,Website,"Minat LLF 135 Sqm cara bayar cash bertahap, masih compare dgn nava, branz & landed",Maikelindo,Fitriyani Dewi,0:00:27,12 Mei,1 Hari,,,,,
68,Astrid Suhaimi,"04-May-26, 18:36",2026,Mei,instagram,SOHO Signature,Booking SHP 0706,Maikelindo,Fitriyani Dewi,0:01:34,"05. 06, 09 Mei",1 Hari,7 Hari (11 Mei),,
69,Indra Lesmana,"04-May-26, 18:26",2026,Mei,Not Detected,Not Detected,"Minat 144 sqm client bentrok dengan sales Fitri, di Fitri masuk owner nya ",Evita Bella,Yulia Eunike,0:01:06,05 Mei,1 Hari,,,,,
70,ADINDA,"04-May-26, 10:28",2026,Mei,Google,Website,Minat apart 2br tipe APA mau diskusi dlu dengan orang tua,Maikelindo,Fitriyani Dewi,0:00:30,04 Mei,1 Hari,,,,,
71,Bro / Bambang,"30-Apr-26, 13:20",2026,Mei,instagram,SOHO Signature,Rsvd 15 Mei 0701 209 Sqm,Evita Bella,Ditto Zulfikar Junaedi,0:00:15,02 & 14 Mei,2 Hari,20 Hari (20 Mei),,
72,Sukma Wahyu Wijayanti,"30-Apr-26, 8:54",2026,Mei,Google,Website,Minat SOHO cari untuk 10 org tapi concern ke sewa juga,Evita Bella,Yulia Eunike,0:03:51,01 Mei,1 Hari,,,,,
73,Raka,"29-Apr-26, 15:37",2026,April,Google,Website,Minat Apart 2Br cara bayar KPA masih diskusi,Evita Bella,Yulia Eunike,0:00:34,30 Apr,1 Hari,,,,,
74,Wiwid,"26-Apr-26, 22:32",2026,April,Google,Website,Lebih prefered sewa saja dair pada beli,Evita Bella,Ira Rosdiana,0:00:44,29 Apr,3 Hari,,,,,
75,Ivan (BC 11 April (Visit),"22-May-25, 07:49",2026,April,instagram,Loft Living,Minat APF 19.10 cara bayar KPA Subsidi minta waktu diskusi sama ortu dulu,Maikelindo,Fitriyani Dewi,0:10:21,29 Apr,18 Hari,,,,,
76,John,"28-Apr-26, 6:25",2026,April,instagram,SOHO Signature,Minat SOHO lagi compare sama pancoran dan ruko GS,Evita Bella,Ira Rosdiana,0:35:44,29 Apr,1 Hari,,,,,
77,Cheny,"19-Apr-26, 12:17",2026,April,instagram,SOHO Signature,Minat SOHO besar tapi ada concern bawa hewan 5 ,Evita Bella,Ira Rosdiana,0:00:51,25 Apr,6 Hari,,,,,
78,Radi,"24-Apr-26, 11:03",2026,April,Not Detected,Not Detected,Minat SHP 172 - 209 Sqm cara bayar cash,Maikelindo,Regina Junita,0:01:12,24 Apr,1 Hari,,,,,
79,Kenny Haryanto,"23-Apr-26, 9:11",2026,April,Not Detected,Not Detected,"Masih conern antara sewa or beli, karena mau persiapan nikah juga",Maikelindo,Regina Junita,0:04:15,24 Apr,1 Hari,,,,,
80,Ivan Manuel (BC 11 April),"11-Apr-26, 10:15",2026,April,Buyer,BC 11 April,Minat 2310 mau harga 1.750M,Maikelindo,Fitriyani Dewi,0:22:00,21 Apr,10 Hari,,,,,
81,Angel K.,"15-Apr-26, 10:46",2026,April,Google,Website,Pilih sewa baru lulus kuliah dan masih explore,Maikelindo,Fitriyani Dewi,0:00:23,18 Apr,3` Hari,,,,,
82,Erna Sujiwo,"17-Apr-26, 4:40",2026,April,instagram,2Br Apart vs Rumah,Minat LLF 3Br cara bayar KPA subsidi comapre sama saumata masih di LN,Maikelindo,Fitriyani Dewi,3:36:29,17 Apr,1 Hari,,,,,
83,Richard,"17-Apr-26, 10:34",2026,April,Not Detected,Not Detected,"Minat LLF 1 & 2Br cara bayar antara KPA / Cash lagi diskusi dlu, tinggal di the branz",Maikelindo,Regina Junita,0:01:08,17 Apr,1 Hari,,,,,
84,Mahendra,"16-Apr-26, 7:45",2026,April,instagram,SOHO Signature,"Minat Soho dan Apartemen masih tanya tanya, ada masuk ke leasing juga",Evita Bella,Ditto Zulfikar Junaedi,0:23:35,16 Apr,1 Hari,,,,,
85,Pinkan Mambo,"13-Apr-26, 16:56",2026,April,Not Detected,Not Detected,Minat SHP & LLF 1Br cara bayar KPA mau diskusi dlu dengan anak nya,Maikelindo,Regina Junita,0:15:56,14 Apr,1 Hari,,,,,
86,Rio,"11-Apr-26, 23:26",2026,April,Google,Website,Minat SOHO untuk tour and travel lagi compare dengan ruko,Evita Bella,Ira Rosdiana,0:06:12,14 Apr,3` Hari,,,,,
87,Rithminul,"13-Apr-26, 6:41",2026,April,Google,Website,Minat LLF 1Br cara bayar CB 6x atau KPA 6 thn,Maikelindo,Regina Junita,1:36:55,13 Apr,1 Hari,,,,,
88,Welly,"11-Apr-26, 17:01",2026,April,Google,Website,Minat LLF 2br cari hook juga visit plan hari minggu jam 14.00,Evita Bella,Ira Rosdiana,0:00:53,12 Apr,1 Hari,,,,,
89,ImeldaSW,"06-Mar-26, 0:27",2026,April,Google,Website,Minat SH 80 - 172 Sqm untuk usaha IT masih diskusi dlu dengan keluarga,Maikelindo,Regina Junita,0:00:24,08 Apr,32 Hari,,,,,
90,Yoyoh (BC 28 Feb (Visit),July 2024 & April 2025,2026,April,instagram,2 Br Fully Furnished,Masih dalam pertimbangan dengan anak nya,Evita Bella,Ditto Zulfikar Junaedi,0:04:00,08 Apr,41 Hari,,,,,
91,Rosyidah,"14-Mar-26, 14:03",2026,April,instagram,SOHO Signature,Minat SOHO untuk 4 karyawan dan tanya detail,Evita Bella,Ditto Zulfikar Junaedi,0:16:09,05 Apr,22 Hari,,,,,
92,Alexander Christian,"05-Apr-26, 14:43",2026,April,Google,Website,Datang lihat upper west,Evita Bella,Ditto Zulfikar Junaedi,0:02:55,05 Apr,1 Hari,,,,,
93,Edward Anthony,"31-Mar-26, 4:53",2026,April,instagram,SOHO Signature,Minat soho untuk 15 karyawan,Evita Bella,Willy hwang,3:14:45,04 Apr,4 Hari,,,,,
94,Debby,"02-Apr-26, 14:30",2026,April,Google,Website,Agent independet & cari sewa,Maikelindo,Fitriyani Dewi,0:00:24,02 Apr,1 Hari,,,,,
95,Purwa Tjaraka,"25-Mar-26, 10:58",2026,Maret,instagram,SOHO Signature,Minat SHSG untuk holding bisnis FNB akan visit lagi sama anak nya cara bayar KPA,Maikelindo,Fitriyani Dewi,0:00:21,30 Mar,5 Hari,,,,,
96,Eka Mertanadi,"29-Mar-26, 7:26",2026,Maret,instagram,SOHO Signature,Minat soho yg 11jtan buat office,Evita Bella,Ira Rosdiana,0:10:58,29 Mar,1 Hari,,,,,
97,Whitney,"18-Mar-26, 12:32",2026,Maret,Google,Website,"Minat Apart 72 sqm, tapi masih compare dgn apart lain",Maikelindo,Hanny Silvia,0:00:13,22 Mar,4 Hari,,,,,
98,Shelly Pieloor PS,"19-Mar-26, 11:01",2026,Maret,Google,Website,Minat apart 1 - 2 br,Evita Bella,Ira Rosdiana,0:00:43,19 Mar,1 Hari,,,,,
99,Joe Keyzer,"16-Mar-26, 15:16",2026,Maret,Google,Website,RSVD SHSD 0909,Evita Bella,Ira Rosdiana,0:00:43,18 & 19 /03/2026,2 Hari,12 Hari,,
100,Arvino Mudjiarto,"16-Mar-26, 16:35",2026,Maret,instagram,SOHO Signature,Minat SOHO / LLF 112 sqm masih dalam tahap diskusi,Evita Bella,Ira Rosdiana,0:03:26,17 Mar,1 Hari,,,,,
101,Perseverance,"12-Mar-26, 20:03",2026,Maret,instagram,SOHO Standard,Minat soho visit jam 14.00 senin 16 maret,Evita Bella,Ira Rosdiana,0:00:29,16 Mar,8 Month,,,,,
102,Vanda Rainy,"05-Feb-26, 14:58",2026,Maret,instagram,SOHO Standard,Minat SOHO untuk 80 sqm ,Evita Bella,Ditto Zulfikar Junaedi,0:04:40,15 Mar,38` Hari,,,,,
103,Hengky K.,"13-Mar-26, 16:59",2026,Maret,instagram,SOHO Promo PPN,Rencana visit jam 3 sore hari minggu,Evita Bella,Willy hwang,0:00:28,15 Mar,3` Hari,,,,,
104,Nina,"09-Mar-26, 15:58",2026,Maret,Not Detected,Not Detected,Minat 2br cara bayar cash lagi diksui dengan keluarga dulu,Evita Bella,Ira Rosdiana,0:01:37,11 Mar,2 Hari,,,,,
105,Chin San Go,"05-Mar-26, 12:59",2026,Maret,instagram,SOHO Standard,Minat SOHO 4-6 org tiktok agency dari sby,Evita Bella,Willy hwang,0:04:00,08 Mar,3` Hari,,,,,
106,Meilani [CMP] BC 28 Feb (Cold),"13-Apr-25, 18:13",2026,Maret,instagram,SOHO Premium,Minat SH 155 Sqm mau diskusi dlu dengan suami,Evita Bella,Ditto Zulfikar Junaedi,0:01:00,05 Mar,5` Hari,,,,,
107,Tomtom,"27-Feb-26, 0:39",2026,Maret,Not Detected,Not Detected,Minat SHP 0803 tapi ada pengajuan approved dlu baru trf BF,Maikelindo,Regina Junita,0:08:49,04 Mar,5` Hari,,,,,
108,Tiara,"23-Feb-26, 1:50",2026,Februari,Google,Website,Minat LLF & SOHO untuk invest,Evita Bella,Ditto Zulfikar Junaedi,2:09:02,28 Feb,5` Hari,,,,,
109,Enni liu,"19-Feb-26, 18:20",2026,Februari,instagram,SOHO Standard,"Minat soho/ tertarik 172 /197sqm / tinggal di depark bsd/ rencana cash, perlu di diskusikan lagi",Evita Bella,Willy hwang,1:03:11,23 Feb,4 Hari,,,,,
110,Annisa Ratna,"18-Feb-26, 22:01",2026,Februari,Google,Website,Cari SOHO minat 197 sqm dan mau diskusi lagi dengan team,Evita Bella,Willy hwang,0:00:39,19 Feb,1 Hari,,,,,
111,Priska,"08-Feb-26, 17:33",2026,Februari,instagram,SOHO Promo PPN,Minat SHC 121 Sqm masih perlu diskusi dlu dan mungkin banyak pertimbangan,Maikelindo,Fitriyani Dewi,0:00:19,14 Feb,6 Hari,,,,,
112,Giras,"25-Jan-26, 19:33",2026,Februari,Google,Website,Booking SHP 0805,Maikelindo,Fitriyani Dewi,0:00:57,09 Feb,9 Hari,14 Hari,,
113,Siti Nuraeni  BC 23 Januari (Warm) ,"17-May-25, 13:59",2026,Februari,Google,Google,"Minat APB karena mau hadap selatan, an PT dan untuk WNA suaminya. masih compare",Maikelindo,Regina Junita,0:05:00,08 Feb,1 Hari,,,,,
114,Cyrus Margono,"08-Feb-26, 12:05",2026,Februari,Google,Website,Sewa LLF 2809 ,Maikelindo,Regina Junita,0:00:24,08 Feb,1 Hari,,,,,
115,Andy,"08-Feb-26, 8:58",2026,Februari,Google,Website,"Minat Loft Living tapi masih merasa belum terlalu besar, offer SH 172 & 197 Sqm",Maikelindo,Irvan,0:00:19,08 Feb,1 Hari,,,,,
116,Alfred Boediman BC 23 Januari (Warm),"September 25, 2024, 14:51",2026,Januari,FB Upper West,Loft Living,"Minat LLF 2701 / 2712 Cara bayar cash keras, minta waktu hari rabu",Maikelindo,Hanny Silvia,0:01:00,31 Jan,8 Hari,,,,,
117,Giras,"25-Jan-26, 19:33",2026,Januari,Google,Website,Minat SHP 0805 Untuk PT Tambang minta waktu 1 minggu,Maikelindo,Fitriyani Dewi,0:00:57,31 Jan,6 Hari,,,,,
118,Erwin,"28-Jan-26, 15:57",2026,Januari,instagram,SOHO Standard,"Minat SH 144/ 155 Atau 80 sqm dijebol, untuk usaha robotik",Maikelindo,Regina Junita,0:07:51,29 Jan,1 Hari,,,,,
119,ecaaa,"18-Jan-26, 2:02",2026,Januari,Tiktok,2Br Fully Furnished,Awal mau sewa tapi ada arah beli FF 11 jtan,Evita Bella,Ditto Zulfikar Junaedi,2:50:17,28 Jan,10 Hari,,,,,
120,di-ka.co,"23-Nov-25, 22:01",2026,Januari,instagram,SOHO vs Ruko,Minat SOHO untuk 15 orang (2nd visit),Evita Bella,Yolanda Novia Ren,0:01:06,27 Jan,60 Hari,,,,,
121,Alex Montana,"25-Jan-26, 7:51",2026,Januari,instagram,SOHO Standard,"Minat SH 80 sqm tapi butuh waktu dlu untuk diskusi, bidang import",Maikelindo,Irvan,0:07:47,27 Jan,2 Hari,,,,,
122,MR Kurniawan,"21-Dec-25, 15:51",2026,Januari,instagram,SOHO Standard,2nd visit dari Dec (gmeet). Minat Apart 2Br tapi merasa UW kemahalan,Maikelindo,Fitriyani Dewi,0:04:58,27 Jan,36 Hari,,,,,
123,FM,"26-Jan-26, 14:30",2026,Januari,instagram,SOHO Standard,Minat SOHO untuk 25 org,Evita Bella,Willy hwang,0:05:48,27 Jan,1 Hari,,,,,
124,Poltak Sillagan  BC 23 Januari (Warm) ,"9 Jan 2025, 17:27",2026,Januari,instagram,SOHO (Move Office) , Minat SHD 87 Sqm antara cash / KPA Kebank mau diskusi dulu dgn partner,Maikelindo,Hanny Silvia,0:02:00,26 Jan,3 Hari,,,,,
125,Stenli BC 23 Januari (Warm) ,"11-Jun-25, 22:08",2026,Januari,instagram,Loft Living,Minat SH T2 0909 Cara bayar KPA Subsidi DP minta waktu 1 Minggu,Maikelindo,Fitriyani Dewi,0:02:00,24 Jan,1 Hari,,,,,
126,zack,"14-Jan-26, 12:47",2026,Januari,Google,Google,Mau sewa jadi nya (WNA),Evita Bella,Yolanda Novia Ren,0:00:23,24 Jan,10 Hari,,,,,
127,Hendi,"22-Jan-26, 18:54",2026,Januari,instagram,SOHO Standard,"Minat SH ukuran 80 - 140, untuk Perusahaan drone. skrng di cilandak",Maikelindo,Irvan,0:05:15,23 Jan,1 Hari,,,,,
128,❤️ / Rudi,"18-Jan-26, 16:45",2026,Januari,Google,Website,"Minat Soho, tingga di the braz saat ini",Evita Bella,Yolanda Novia Ren,0:03:10,19 Jan,1 Hari,,,,,
129,Linda,"14-Jan-26, 9:43",2026,Januari,instagram,SOHO Promo PPN,Rencana untuk invest,Evita Bella,Ditto Zulfikar Junaedi,0:01:04,17 Jan,3 Hari,,,,,
130,Jerry Aurum,"15-Jan-26, 11:44",2026,Januari,Google,Website,"Perlu diskusi dengan kakak nya, rencana ambil untuk invest",Evita Bella,Yolanda Novia Ren,0:01:03,16 Jan,1 Hari,,,,,
131,Good Luck / Razman,"14-Jan-26, 8:36",2026,Januari,Google,Google,Minat Apart 2Br tapi nego di 90 rb dollar,Maikelindo,Irvan,0:00:27,14 Jan,1 Hari,,,,,
132,IkaIrkhamni,"12-Jan-26, 12:58",2026,Januari,instagram,SOHO Standard,Booking SH 10.15,Maikelindo,Fitriyani Dewi,0:00:27,12 Jan,1 Hari,1 Hari (Batal),,
133,Fitria,"08-Jan-26, 12:00",2026,Januari,Not Detected,Not Detected,Minat 2Br ajuin pinjam pakai ,Evita Bella,Yolanda Novia Ren,0:00:19,"11 , 12, 18 /01/2026",3 Hari,,,,,
134,Tioria By Caramia,"10-Jan-26, 12:17",2026,Januari,Google,Website,Cari antara huni dan office,Evita Bella,Yolanda Novia Ren,0:01:06,11 Jan,1 Hari,,,,,
135,0 / Laras,"30-Dec-25, 06:04",2026,Januari,instagram,Apartemen Fully Furnsihed,"Masih perlu diskusi dulu dengan bos nya, agak kurang jelas",Maikelindo,Tessalonica Malingkas,1:14:57,05 Jan,6 Hari,,,,,
136,Raphael,"01-Jan-26, 16:55",2026,Januari,Not Detected,Not Detected,Minat APE cara bayar Cash / KPA minta waktu sampai W1 Jan,Maikelindo,Tessalonica Malingkas,0:03:06,03 Jan,2 Hari,,,,,
